Timestamp,Side,Symbol_BNC,Symbol_HB,Price_BNC,Price_HB,Volume,Spread,PnL
2021-08-20 00:00:01,bnc_to_hb,LINKUSDT.BNC,LINKUSDT.HB,27.0947,27.095,2.99,0.0002945810299982671,0.0008807972796948186
2021-08-20 00:00:02,bnc_to_hb,LINKUSDT.BNC,LINKUSDT.HB,27.093876514074495,27.095,35.17,0.0011180670378516525,0.03932241772124262
2021-08-20 00:00:15,bnc_to_hb,LINKUSDT.BNC,LINKUSDT.HB,27.088599999999996,27.092621876131837,27.61,0.004016458009652528,0.11089440564650628
2021-08-20 00:00:17,bnc_to_hb,LINKUSDT.BNC,LINKUSDT.HB,27.1131,27.122,0.738,0.008894576490000333,0.006564197449620246
2021-08-20 00:00:18,bnc_to_hb,LINKUSDT.BNC,LINKUSDT.HB,27.11175,27.11243462513582,55.22,0.0006792027173566608,0.037505574052434806
2021-08-20 00:00:31,bnc_to_hb,LINKUSDT.BNC,LINKUSDT.HB,27.0976,27.1,17.59,0.002394580240003019,0.0421206664216531
2021-08-20 00:00:33,bnc_to_hb,LINKUSDT.BNC,LINKUSDT.HB,27.1112,27.115999999999996,6.431148750331966,0.004794577279997911,0.0308346396826286
2021-08-20 00:00:39,bnc_to_hb,LINKUSDT.BNC,LINKUSDT.HB,27.1066,27.10750067713976,7.384,0.0008952557296939864,0.006610568308060396
2021-08-20 00:00:42,bnc_to_hb,LINKUSDT.BNC,LINKUSDT.HB,27.1041,27.106,11.84,0.001894578990003926,0.02243181524164648
2021-08-20 00:00:48,bnc_to_hb,LINKUSDT.BNC,LINKUSDT.HB,27.0839,27.086,7.04,0.00209458300999882,0.014745864390391692
2021-08-20 00:00:54,bnc_to_hb,LINKUSDT.BNC,LINKUSDT.HB,27.054,27.055100000000003,2.81,0.001094589090004251,0.0030757953429119455
2021-08-20 00:01:21,bnc_to_hb,LINKUSDT.BNC,LINKUSDT.HB,27.043,27.045,0.43,0.0019945912000027747,0.0008576742160011931
2021-08-20 00:01:48,bnc_to_hb,LINKUSDT.BNC,LINKUSDT.HB,26.956358468176916,26.957,3.708,0.0006361404872390659,0.0023588089266824565
2021-08-20 00:01:53,bnc_to_hb,LINKUSDT.BNC,LINKUSDT.HB,26.9882,26.99,1.93,0.0017946021800021741,0.003463582207404196
2021-08-20 00:02:49,bnc_to_hb,LINKUSDT.BNC,LINKUSDT.HB,27.0318,27.032,0.74,0.00019459361999914982,0.00014399927879937087
2021-08-20 00:02:59,bnc_to_hb,LINKUSDT.BNC,LINKUSDT.HB,27.062,27.06330665301945,39.08,0.0013012404887819005,0.05085247830159667
2021-08-20 00:03:16,bnc_to_hb,LINKUSDT.BNC,LINKUSDT.HB,27.098,27.0992,1.55,0.0011945802800004122,0.0018515994340006388
2021-08-20 00:03:28,bnc_to_hb,LINKUSDT.BNC,LINKUSDT.HB,27.077999999999996,27.0789673,20.0,0.0009618843032720692,0.019237686065441385
2021-08-20 00:03:31,bnc_to_hb,LINKUSDT.BNC,LINKUSDT.HB,27.066999999999997,27.068851258581237,4.37,0.0018458449961121105,0.008066342633009923
2021-08-20 00:03:36,bnc_to_hb,LINKUSDT.BNC,LINKUSDT.HB,27.103,27.1092,0.67,0.006194578779999655,0.004150367782599769
2021-08-20 00:03:54,bnc_to_hb,LINKUSDT.BNC,LINKUSDT.HB,27.054,27.05548560411311,0.778,0.001480193164549324,0.001151590282019374
2021-08-20 00:03:55,bnc_to_hb,LINKUSDT.BNC,LINKUSDT.HB,27.054,27.055699999999998,0.078,0.0016945890300019137,0.00013217794434014927
2021-08-20 00:03:56,bnc_to_hb,LINKUSDT.BNC,LINKUSDT.HB,27.054,27.055100000000003,2.81,0.001094589090004251,0.0030757953429119455
2021-08-20 00:03:57,bnc_to_hb,LINKUSDT.BNC,LINKUSDT.HB,27.0541,27.059,2.28,0.004894588690003976,0.011159662213209064
2021-08-20 00:03:59,bnc_to_hb,LINKUSDT.BNC,LINKUSDT.HB,27.0599,27.06,25.0,9.45880100021828e-05,0.00236470025005457
2021-08-20 00:04:35,bnc_to_hb,LINKUSDT.BNC,LINKUSDT.HB,26.980000000000004,26.982,10.62,0.001994603799997881,0.021182692355977497
2021-08-20 00:04:39,bnc_to_hb,LINKUSDT.BNC,LINKUSDT.HB,26.9925,26.997000000000003,1.475,0.004494601050002459,0.006629536548753627
2021-08-20 00:04:47,bnc_to_hb,LINKUSDT.BNC,LINKUSDT.HB,26.9419,26.944,2.2,0.0020946114099980122,0.004608145101995627
2021-08-20 00:04:54,bnc_to_hb,LINKUSDT.BNC,LINKUSDT.HB,26.9555,26.957,1.62,0.001494608749998039,0.0024212661749968235
2021-08-20 00:04:55,bnc_to_hb,LINKUSDT.BNC,LINKUSDT.HB,26.961279487179493,26.964000000000002,2.34,0.0027151202925610116,0.006353381484592767
2021-08-20 00:04:58,bnc_to_hb,LINKUSDT.BNC,LINKUSDT.HB,26.972500000000004,26.975,2.5,0.0024946052499977265,0.006236513124994316
2021-08-20 00:05:04,bnc_to_hb,LINKUSDT.BNC,LINKUSDT.HB,26.968838297340117,26.970498207287584,35.979,0.0016545160138157222,0.059527831661075864
2021-08-20 00:05:31,bnc_to_hb,LINKUSDT.BNC,LINKUSDT.HB,26.909120891364907,26.914,14.36,0.0048737263230085055,0.06998670999840213
2021-08-20 00:05:56,bnc_to_hb,LINKUSDT.BNC,LINKUSDT.HB,26.9,26.900748000000004,2.25,0.0007426199252031042,0.0016708948317069843
2021-08-20 00:05:58,bnc_to_hb,LINKUSDT.BNC,LINKUSDT.HB,26.906147991761074,26.907999999999998,19.42,0.0018466268241254722,0.03586149292451667
2021-08-20 00:05:59,bnc_to_hb,LINKUSDT.BNC,LINKUSDT.HB,26.905099999999997,26.908,1.81,0.0028946186900034674,0.0052392598289062765
2021-08-20 00:06:10,bnc_to_hb,LINKUSDT.BNC,LINKUSDT.HB,26.8924,26.899,0.056,0.006594620860003428,0.000369298768160192
2021-08-20 00:06:13,bnc_to_hb,LINKUSDT.BNC,LINKUSDT.HB,26.8992,26.902,0.44,0.002794619879999772,0.0012296327471998999
2021-08-20 00:06:22,bnc_to_hb,LINKUSDT.BNC,LINKUSDT.HB,26.876,26.877400000000005,0.74,0.0013946246600036506,0.0010320222484027015
2021-08-20 00:06:35,bnc_to_hb,LINKUSDT.BNC,LINKUSDT.HB,26.881099999999996,26.882000000000005,1.429,0.0008946236900060297,0.0012784172530186165
2021-08-20 00:06:37,bnc_to_hb,LINKUSDT.BNC,LINKUSDT.HB,26.8781,26.88,2.796,0.0018946241899978544,0.005297369235234
2021-08-20 00:06:43,bnc_to_hb,LINKUSDT.BNC,LINKUSDT.HB,26.869999999999997,26.873494915254234,0.5900000000000001,0.003489540904743518,0.002058829133798676
2021-08-20 00:06:44,bnc_to_hb,LINKUSDT.BNC,LINKUSDT.HB,26.866,26.86745284280937,20.93,0.001447469464084065,0.030295535883279483
2021-08-20 00:06:49,bnc_to_hb,LINKUSDT.BNC,LINKUSDT.HB,26.868,26.86966698380046,38.89,0.001661610033762352,0.06462001421301787
2021-08-20 00:07:15,bnc_to_hb,LINKUSDT.BNC,LINKUSDT.HB,26.8416,26.844,20.0,0.0023946314400000905,0.047892628800001814
2021-08-20 00:07:25,bnc_to_hb,LINKUSDT.BNC,LINKUSDT.HB,26.826,26.83,0.034,0.0039946343999974696,0.00013581756959991397
2021-08-20 00:07:30,bnc_to_hb,LINKUSDT.BNC,LINKUSDT.HB,26.829999999999995,26.830055925,40.0,5.055899441125366e-05,0.0020223597764501464
2021-08-20 00:07:31,bnc_to_hb,LINKUSDT.BNC,LINKUSDT.HB,26.828999999999997,26.830299999999998,1.246,0.0012946340700002266,0.0016131140512202823
2021-08-20 00:07:33,bnc_to_hb,LINKUSDT.BNC,LINKUSDT.HB,26.83090029359953,26.831587199060476,34.06,0.0006815392121967281,0.02321322556742056
2021-08-20 00:07:49,bnc_to_hb,LINKUSDT.BNC,LINKUSDT.HB,26.833,26.833100000000005,1.343,9.463339000465292e-05,0.00012709264277624888
2021-08-20 00:07:59,bnc_to_hb,LINKUSDT.BNC,LINKUSDT.HB,26.835,26.8371718096114,86.97999999999999,0.0021664423942198033,0.18843715944923847
2021-08-20 00:08:02,bnc_to_hb,LINKUSDT.BNC,LINKUSDT.HB,26.834529899113424,26.837327300519725,65.41999999999999,0.002792034220580938,0.18265487871040495
2021-08-20 00:08:09,bnc_to_hb,LINKUSDT.BNC,LINKUSDT.HB,26.839,26.842,21.56,0.00299463189999782,0.064564263763953
2021-08-20 00:08:25,bnc_to_hb,LINKUSDT.BNC,LINKUSDT.HB,26.822,26.822624775353017,15.58,0.0006194108905415413,0.009650421674637213
2021-08-20 00:08:28,bnc_to_hb,LINKUSDT.BNC,LINKUSDT.HB,26.817,26.817566370827706,31.098,0.0005610073710683325,0.017446207225483002
2021-08-20 00:08:33,bnc_to_hb,LINKUSDT.BNC,LINKUSDT.HB,26.8,26.801,9.063731343283582,0.0009946398999990636,0.00901514883690196
2021-08-20 00:08:34,bnc_to_hb,LINKUSDT.BNC,LINKUSDT.HB,26.8,26.804,5.26,0.0039946395999998635,0.021011804295999283
2021-08-20 00:08:47,bnc_to_hb,LINKUSDT.BNC,LINKUSDT.HB,26.79,26.79155742574257,25.25,0.0015520675868301993,0.03918970656746253
2021-08-20 00:08:48,bnc_to_hb,LINKUSDT.BNC,LINKUSDT.HB,26.79,26.79175742574257,25.25,0.001752067566829522,0.044239706062445434
2021-08-20 00:08:53,bnc_to_hb,LINKUSDT.BNC,LINKUSDT.HB,26.802,26.8024,0.26,0.00039463956000125404,0.00010260628560032605
2021-08-20 00:08:58,bnc_to_hb,LINKUSDT.BNC,LINKUSDT.HB,26.8066,26.807,35.08,0.00039463864000122286,0.013843923491242898
2021-08-20 00:09:01,bnc_to_hb,LINKUSDT.BNC,LINKUSDT.HB,26.806299999999997,26.807,1.486,0.0006946386699989855,0.0010322330636184924
2021-08-20 00:09:06,bnc_to_hb,LINKUSDT.BNC,LINKUSDT.HB,26.817,26.8174,0.505,0.00039463655999963056,0.00019929146279981343
2021-08-20 00:09:27,bnc_to_hb,LINKUSDT.BNC,LINKUSDT.HB,26.8112,26.812,9.11,0.0007946376800018482,0.007239149264816836
2021-08-20 00:09:28,bnc_to_hb,LINKUSDT.BNC,LINKUSDT.HB,26.8112,26.814,0.89,0.0027946374800001807,0.002487227357200161
2021-08-20 00:09:29,bnc_to_hb,LINKUSDT.BNC,LINKUSDT.HB,26.8112,26.815,0.89,0.003794637380002241,0.0033772272682019945
2021-08-20 00:09:37,bnc_to_hb,LINKUSDT.BNC,LINKUSDT.HB,26.806,26.8067,1.48,0.0006946387299994249,0.0010280653203991487
2021-08-20 00:09:38,bnc_to_hb,LINKUSDT.BNC,LINKUSDT.HB,26.805034628793376,26.8067,42.739,0.0016600100331618356,0.07094716880730369
2021-08-20 00:09:42,bnc_to_hb,LINKUSDT.BNC,LINKUSDT.HB,26.793,26.7957,46.28,0.0026946411300024006,0.1247079914965111
2021-08-20 00:09:50,bnc_to_hb,LINKUSDT.BNC,LINKUSDT.HB,26.788886391437305,26.7893,13.08,0.0004082507440550709,0.005339919732240328
2021-08-20 00:09:54,bnc_to_hb,LINKUSDT.BNC,LINKUSDT.HB,26.8,26.8018,20.733,0.0017946398200000587,0.03720826738806122
2021-08-20 00:09:57,bnc_to_hb,LINKUSDT.BNC,LINKUSDT.HB,26.802,26.8025,0.265,0.0004946395499978291,0.00013107948074942474
2021-08-20 00:10:02,bnc_to_hb,LINKUSDT.BNC,LINKUSDT.HB,26.836999999999996,26.840862348990964,28.889000000000003,0.003856981204733844,0.11142433002355602
2021-08-20 00:10:04,bnc_to_hb,LINKUSDT.BNC,LINKUSDT.HB,26.839,26.839099999999995,1.483,9.463218999954413e-05,0.00014033953776932396
2021-08-20 00:10:06,bnc_to_hb,LINKUSDT.BNC,LINKUSDT.HB,26.824,26.8241,52.18,9.463519000025852e-05,0.00493806421421349
2021-08-20 00:10:13,bnc_to_hb,LINKUSDT.BNC,LINKUSDT.HB,26.804529150814176,26.81158746005174,131.42000000000002,0.00705294762590203,0.9268983769960449
2021-08-20 00:10:14,bnc_to_hb,LINKUSDT.BNC,LINKUSDT.HB,26.796000000000003,26.79757366071429,44.8,0.0015683013569204954,0.07025990079003819
2021-08-20 00:10:22,bnc_to_hb,LINKUSDT.BNC,LINKUSDT.HB,26.860999999999997,26.8623,19.617,0.0012946276700020246,0.02539671100242972
2021-08-20 00:10:29,bnc_to_hb,LINKUSDT.BNC,LINKUSDT.HB,26.889924464831804,26.8921,19.62,0.0021701569657496624,0.04257847966800838
2021-08-20 00:10:31,bnc_to_hb,LINKUSDT.BNC,LINKUSDT.HB,26.89699164248404,26.897500000000004,34.459999999999994,0.0005029780667994536,0.01733262418190917
2021-08-20 00:10:41,bnc_to_hb,LINKUSDT.BNC,LINKUSDT.HB,26.908000000000005,26.909785475,40.0,0.00178009322144945,0.071203728857978
2021-08-20 00:10:56,bnc_to_hb,LINKUSDT.BNC,LINKUSDT.HB,26.893666666666665,26.900786888888888,45.0,0.007114842776867513,0.32016792495903806
2021-08-20 00:11:00,bnc_to_hb,LINKUSDT.BNC,LINKUSDT.HB,26.938000000000002,26.939809649122807,45.6,0.0018042613418405992,0.08227431718793132
2021-08-20 00:11:14,bnc_to_hb,LINKUSDT.BNC,LINKUSDT.HB,26.9221,26.924,7.42,0.0018946153900024764,0.014058046193818374
2021-08-20 00:11:34,bnc_to_hb,LINKUSDT.BNC,LINKUSDT.HB,26.913964320154292,26.9166,41.48,0.00263029678927688,0.10910471081920498
2021-08-20 00:11:35,bnc_to_hb,LINKUSDT.BNC,LINKUSDT.HB,26.908,26.909644644387317,11.67,0.0016392626228511505,0.019130194808672927
2021-08-20 00:11:39,bnc_to_hb,LINKUSDT.BNC,LINKUSDT.HB,26.9354,26.935999999999996,24.0,0.0005946128599962332,0.014270708639909596
2021-08-20 00:11:44,bnc_to_hb,LINKUSDT.BNC,LINKUSDT.HB,26.950250549450548,26.955000000000002,1.82,0.004744060024397731,0.00863418924440387
2021-08-20 00:12:12,bnc_to_hb,LINKUSDT.BNC,LINKUSDT.HB,26.994,26.995499999999996,7.013,0.0014946010499981026,0.010481637163636693
2021-08-20 00:12:24,bnc_to_hb,LINKUSDT.BNC,LINKUSDT.HB,26.993,26.9931,11.04,9.460138999981843e-05,0.0010443993455979954
2021-08-20 00:12:27,bnc_to_hb,LINKUSDT.BNC,LINKUSDT.HB,27.005000000000003,27.005399999999998,1.477,0.00039459895999842317,0.000582822663917671
2021-08-20 00:12:38,bnc_to_hb,LINKUSDT.BNC,LINKUSDT.HB,27.031,27.033399999999997,9.83,0.0023945935600007966,0.02353885469480783
2021-08-20 00:12:39,bnc_to_hb,LINKUSDT.BNC,LINKUSDT.HB,27.023,27.026850000000003,20.64,0.003844595015001451,0.07935244110962995
2021-08-20 00:13:00,bnc_to_hb,LINKUSDT.BNC,LINKUSDT.HB,27.024000000000004,27.024826591760302,5.34,0.0008211868776398934,0.004385137926597031
2021-08-20 00:13:01,bnc_to_hb,LINKUSDT.BNC,LINKUSDT.HB,27.02,27.0201,4.56,9.459598999995393e-05,0.0004313577143997899
2021-08-20 00:13:08,bnc_to_hb,LINKUSDT.BNC,LINKUSDT.HB,27.011999999999997,27.012302837155072,25.73,0.0002974347247924058,0.007652995468908601
2021-08-20 00:13:10,bnc_to_hb,LINKUSDT.BNC,LINKUSDT.HB,27.019,27.020099999999996,9.99,0.0010945960899995026,0.01093501493909503
2021-08-20 00:13:11,bnc_to_hb,LINKUSDT.BNC,LINKUSDT.HB,27.022,27.025998991775005,37.69,0.003993586975109766,0.15051829309188708
2021-08-20 00:13:15,bnc_to_hb,LINKUSDT.BNC,LINKUSDT.HB,27.034,27.0349,1.0,0.0008945931100014552,0.0008945931100014552
2021-08-20 00:13:21,bnc_to_hb,LINKUSDT.BNC,LINKUSDT.HB,27.026,27.027866949999996,20.0,0.001861544613303724,0.037230892266074476
2021-08-20 00:13:29,bnc_to_hb,LINKUSDT.BNC,LINKUSDT.HB,27.01,27.011609444444442,12.6,0.0016040422834967874,0.02021093277205952
2021-08-20 00:13:31,bnc_to_hb,LINKUSDT.BNC,LINKUSDT.HB,26.9975,27.0,5.267,0.0024946002500016435,0.013139059516758658
2021-08-20 00:14:29,bnc_to_hb,LINKUSDT.BNC,LINKUSDT.HB,27.020999999999997,27.023,10.7,0.0019945956000026435,0.021342172920028286
2021-08-20 00:14:35,bnc_to_hb,LINKUSDT.BNC,LINKUSDT.HB,27.0266,27.027,1.002,0.00039459464000485425,0.00039538382928486394
2021-08-20 00:14:49,bnc_to_hb,LINKUSDT.BNC,LINKUSDT.HB,27.055887401667253,27.056999999999995,76.653,0.0011071870440031583,0.0848692084839741
2021-08-20 00:15:13,bnc_to_hb,LINKUSDT.BNC,LINKUSDT.HB,27.039,27.0419,36.98,0.0028945919099980628,0.10704200883172835
2021-08-20 00:15:14,bnc_to_hb,LINKUSDT.BNC,LINKUSDT.HB,27.032000000000004,27.034612975000005,40.0,0.002607568338702051,0.10430273354808205
2021-08-20 00:15:20,bnc_to_hb,LINKUSDT.BNC,LINKUSDT.HB,27.006,27.0086,2.05,0.0025945985400003526,0.005318927007000722
2021-08-20 00:15:21,bnc_to_hb,LINKUSDT.BNC,LINKUSDT.HB,27.0,27.00019679442989,145.06,0.00019139441021087493,0.02776367314518952
2021-08-20 00:15:40,bnc_to_hb,LINKUSDT.BNC,LINKUSDT.HB,27.066881418439714,27.067,3.5250000000000004,0.00011316817214481293,0.0003989178068104656
2021-08-20 00:15:41,bnc_to_hb,LINKUSDT.BNC,LINKUSDT.HB,27.067,27.0671,1.569,9.458659000022206e-05,0.0001484063597103484
2021-08-20 00:16:16,bnc_to_hb,LINKUSDT.BNC,LINKUSDT.HB,27.058,27.0581,1.019,9.458839000064205e-05,9.638556941065424e-05
2021-08-20 00:16:20,bnc_to_hb,LINKUSDT.BNC,LINKUSDT.HB,27.055,27.0581,1.02,0.0030945886899996717,0.003156480463799665
2021-08-20 00:16:28,bnc_to_hb,LINKUSDT.BNC,LINKUSDT.HB,27.057,27.0582,2.498,0.0011945884800001955,0.0029840820230404887
2021-08-20 00:16:30,bnc_to_hb,LINKUSDT.BNC,LINKUSDT.HB,27.064,27.064700000000002,1.494,0.0006945871299999905,0.0010377131722199857
2021-08-20 00:16:32,bnc_to_hb,LINKUSDT.BNC,LINKUSDT.HB,27.05795957792208,27.058200000000003,36.96,0.000235010461963239,0.008685986674161313
2021-08-20 00:16:46,bnc_to_hb,LINKUSDT.BNC,LINKUSDT.HB,27.07,27.073699999999995,10.0,0.003694585629997772,0.03694585629997772
2021-08-20 00:16:47,bnc_to_hb,LINKUSDT.BNC,LINKUSDT.HB,27.062000000000005,27.0629,1.3,0.0008945875099959893,0.0011629637629947862
2021-08-20 00:17:28,bnc_to_hb,LINKUSDT.BNC,LINKUSDT.HB,27.07243753805799,27.073501171015035,64.047,0.001058218363177389,0.06777571150642224
2021-08-20 00:17:31,bnc_to_hb,LINKUSDT.BNC,LINKUSDT.HB,27.057216491248475,27.06,34.394,0.0027780970298736515,0.09554986924547437
2021-08-20 00:17:37,bnc_to_hb,LINKUSDT.BNC,LINKUSDT.HB,27.060099999999995,27.061,0.0036177249899298,0.0008945878900049653,3.2363729653595343e-06
2021-08-20 00:17:41,bnc_to_hb,LINKUSDT.BNC,LINKUSDT.HB,27.07,27.0712,4.42,0.0011945858800021544,0.005280069589609523
2021-08-20 00:17:49,bnc_to_hb,LINKUSDT.BNC,LINKUSDT.HB,27.067,27.068099999999998,20.8,0.0010945864899993493,0.022767398991986466
2021-08-20 00:17:51,bnc_to_hb,LINKUSDT.BNC,LINKUSDT.HB,27.062,27.06522,40.0,0.0032145872779988905,0.12858349111995562
2021-08-20 00:18:01,bnc_to_hb,LINKUSDT.BNC,LINKUSDT.HB,27.057,27.0601,1.569,0.003094588289997827,0.00485540902700659
2021-08-20 00:18:03,bnc_to_hb,LINKUSDT.BNC,LINKUSDT.HB,27.0447,27.045,34.33443521281434,0.0002945910300030904,0.010114616633917354
2021-08-20 00:18:45,bnc_to_hb,LINKUSDT.BNC,LINKUSDT.HB,27.06845429740791,27.0705,36.65,0.0020402886966574326,0.07477658073249491
2021-08-20 00:18:50,bnc_to_hb,LINKUSDT.BNC,LINKUSDT.HB,27.076999999999998,27.0794,0.21,0.002394584360001343,0.000502862715600282
2021-08-20 00:18:58,bnc_to_hb,LINKUSDT.BNC,LINKUSDT.HB,27.068,27.0689,1.569,0.00089458630999747,0.0014036059203860305
2021-08-20 00:19:23,bnc_to_hb,LINKUSDT.BNC,LINKUSDT.HB,27.0205,27.021,24.649,0.0004945958500036782,0.012191293106740666
2021-08-20 00:19:36,bnc_to_hb,LINKUSDT.BNC,LINKUSDT.HB,26.99360233208955,26.993999999999996,21.44,0.0003922691502127206,0.00841025058056073
2021-08-20 00:19:37,bnc_to_hb,LINKUSDT.BNC,LINKUSDT.HB,26.9913,26.996,4.41,0.004694601269998577,0.020703191600693723
2021-08-20 00:19:39,bnc_to_hb,LINKUSDT.BNC,LINKUSDT.HB,26.9913,26.994,4.09,0.002694601470000196,0.011020920012300801
2021-08-20 00:19:40,bnc_to_hb,LINKUSDT.BNC,LINKUSDT.HB,26.991300000000003,26.995,0.32,0.003694601370000925,0.001182272438400296
2021-08-20 00:19:41,bnc_to_hb,LINKUSDT.BNC,LINKUSDT.HB,26.991300000000003,26.993,0.32,0.0016946015699989248,0.000542272502399656
2021-08-20 00:19:42,bnc_to_hb,LINKUSDT.BNC,LINKUSDT.HB,26.991300000000003,26.991999999999997,0.32,0.0006946016699979245,0.00022227253439933585
2021-08-20 00:19:44,bnc_to_hb,LINKUSDT.BNC,LINKUSDT.HB,27.0115,27.012,3.703,0.0004945976500002115,0.0018314950979507832
2021-08-20 00:20:09,bnc_to_hb,LINKUSDT.BNC,LINKUSDT.HB,27.026,27.027199999999997,39.076,0.0011945946799972076,0.04667998171557088
2021-08-20 00:20:14,bnc_to_hb,LINKUSDT.BNC,LINKUSDT.HB,27.064,27.0655,7.5,0.0014945870500024253,0.01120940287501819
2021-08-20 00:20:51,bnc_to_hb,LINKUSDT.BNC,LINKUSDT.HB,27.083,27.0831,10.0,9.458339000331965e-05,0.0009458339000331965
2021-08-20 00:21:09,bnc_to_hb,LINKUSDT.BNC,LINKUSDT.HB,27.0687,27.071000000000005,0.19,0.002294586030003615,0.0004359713457006869
2021-08-20 00:21:10,bnc_to_hb,LINKUSDT.BNC,LINKUSDT.HB,27.068,27.07,0.38,0.0019945861999990785,0.0007579427559996499
2021-08-20 00:21:21,bnc_to_hb,LINKUSDT.BNC,LINKUSDT.HB,27.079,27.07962875,20.0,0.0006233341371234902,0.012466682742469804
2021-08-20 00:21:43,bnc_to_hb,LINKUSDT.BNC,LINKUSDT.HB,27.0502,27.053999999999995,19.56,0.0037945895799960695,0.07422217218472311
2021-08-20 00:22:32,bnc_to_hb,LINKUSDT.BNC,LINKUSDT.HB,27.081429573314153,27.082,20.0,0.000565010342888528,0.011300206857770561
2021-08-20 00:22:58,bnc_to_hb,LINKUSDT.BNC,LINKUSDT.HB,27.089999999999996,27.0919,9.77,0.001894581810002943,0.018510064283728752
2021-08-20 00:23:32,bnc_to_hb,LINKUSDT.BNC,LINKUSDT.HB,27.13549002169197,27.135999999999996,4.61,0.0005045511590248227,0.0023259808431044327
2021-08-20 00:23:33,bnc_to_hb,LINKUSDT.BNC,LINKUSDT.HB,27.128899999999998,27.131999999999998,10.0,0.003094573910000591,0.030945739100005913
2021-08-20 00:23:39,bnc_to_hb,LINKUSDT.BNC,LINKUSDT.HB,27.189425092707044,27.191,8.09,0.0015694692504456666,0.012697006236105443
2021-08-20 00:23:47,bnc_to_hb,LINKUSDT.BNC,LINKUSDT.HB,27.2135,27.215,0.53,0.001494557150000191,0.0007921152895001012
2021-08-20 00:24:37,bnc_to_hb,LINKUSDT.BNC,LINKUSDT.HB,27.142000000000003,27.142099999999996,1.43,9.457158999596579e-05,0.00013523737369423107
2021-08-20 00:25:48,bnc_to_hb,LINKUSDT.BNC,LINKUSDT.HB,27.227,27.229296525096526,10.36,0.0022910794668739836,0.023735583276814468
2021-08-20 00:25:51,bnc_to_hb,LINKUSDT.BNC,LINKUSDT.HB,27.219,27.2193,6.72,0.0002945561699996392,0.0019794174623975753
2021-08-20 00:26:08,bnc_to_hb,LINKUSDT.BNC,LINKUSDT.HB,27.232,27.23222370444667,29.91,0.00021825802430445294,0.006528097506946187
2021-08-20 00:26:09,bnc_to_hb,LINKUSDT.BNC,LINKUSDT.HB,27.232000000000003,27.233186610878658,2.3899999999999997,0.0011811643599949158,0.0028229828203878483
2021-08-20 00:26:13,bnc_to_hb,LINKUSDT.BNC,LINKUSDT.HB,27.24205304518664,27.24515088408644,20.36,0.0030923901794066835,0.06296106405272008
2021-08-20 00:26:19,bnc_to_hb,LINKUSDT.BNC,LINKUSDT.HB,27.230000000000004,27.232774781189736,67.41,0.002769334912253033,0.18668086643497694
2021-08-20 00:26:21,bnc_to_hb,LINKUSDT.BNC,LINKUSDT.HB,27.228,27.2281,1.679,9.455438999636234e-05,0.00015875682080389238
2021-08-20 00:26:25,bnc_to_hb,LINKUSDT.BNC,LINKUSDT.HB,27.23,27.2301,3.67,9.455398999921516e-05,0.00034701314329711963
2021-08-20 00:26:39,bnc_to_hb,LINKUSDT.BNC,LINKUSDT.HB,27.24,27.240200000000005,10.0,0.00019455198000663932,0.001945519800066393
2021-08-20 00:26:40,bnc_to_hb,LINKUSDT.BNC,LINKUSDT.HB,27.238,27.240199999999998,1.679,0.0021945521800003785,0.0036846531102206355
2021-08-20 00:26:51,bnc_to_hb,LINKUSDT.BNC,LINKUSDT.HB,27.238,27.2383,5.35,0.0002945523699969434,0.0015758551794836473
2021-08-20 00:26:52,bnc_to_hb,LINKUSDT.BNC,LINKUSDT.HB,27.238546505284692,27.239,29.33,0.00044804696065652304,0.01314121735605582
2021-08-20 00:26:57,bnc_to_hb,LINKUSDT.BNC,LINKUSDT.HB,27.251,27.2533,13.92,0.0022945495699958243,0.03194013001434187
2021-08-20 00:26:58,bnc_to_hb,LINKUSDT.BNC,LINKUSDT.HB,27.257600000000004,27.258,20.0,0.0003945484399962256,0.007890968799924512
2021-08-20 00:27:05,bnc_to_hb,LINKUSDT.BNC,LINKUSDT.HB,27.2613,27.263,9.454,0.0016945475700021338,0.016020252726800174
2021-08-20 00:27:16,bnc_to_hb,LINKUSDT.BNC,LINKUSDT.HB,27.2429,27.244,0.9793978247543396,0.0010945513100017617,0.0010720011720977381
2021-08-20 00:27:30,bnc_to_hb,LINKUSDT.BNC,LINKUSDT.HB,27.26496568759786,27.265,37.042,2.8859405568658954e-05,0.001069010101074265
2021-08-20 00:27:36,bnc_to_hb,LINKUSDT.BNC,LINKUSDT.HB,27.26480293459666,27.269999999999996,45.594,0.005191611923045852,0.23670635401935258
2021-08-20 00:27:38,bnc_to_hb,LINKUSDT.BNC,LINKUSDT.HB,27.264971960943853,27.266227306753454,61.45,0.0012498926896705592,0.07680590578025587
2021-08-20 00:27:39,bnc_to_hb,LINKUSDT.BNC,LINKUSDT.HB,27.264799999999997,27.265143450358625,10.596,0.00033799736428172597,0.0035814200719291684
2021-08-20 00:27:42,bnc_to_hb,LINKUSDT.BNC,LINKUSDT.HB,27.253706467661694,27.258,34.169999999999995,0.0042880811676579145,0.1465237334988709
2021-08-20 00:27:43,bnc_to_hb,LINKUSDT.BNC,LINKUSDT.HB,27.25362476190476,27.257999999999996,17.85,0.004369786932759355,0.07800069674975449
2021-08-20 00:27:47,bnc_to_hb,LINKUSDT.BNC,LINKUSDT.HB,27.295444109173147,27.303,32.279,0.007550430982441554,0.24372036168223093
2021-08-20 00:28:11,bnc_to_hb,LINKUSDT.BNC,LINKUSDT.HB,27.274800000000003,27.278547242206237,4.17,0.003741786871510186,0.015603251254197476
2021-08-20 00:28:15,bnc_to_hb,LINKUSDT.BNC,LINKUSDT.HB,27.277949999999997,27.279432903225807,18.6,0.001477447487518934,0.027480523267852174
2021-08-20 00:28:20,bnc_to_hb,LINKUSDT.BNC,LINKUSDT.HB,27.288753846153845,27.292,2.21,0.003240695770768835,0.007161937653399126
2021-08-20 00:28:26,bnc_to_hb,LINKUSDT.BNC,LINKUSDT.HB,27.2975,27.298,0.23,0.0004945404499965177,0.00011374430349919908
2021-08-20 00:28:31,bnc_to_hb,LINKUSDT.BNC,LINKUSDT.HB,27.303617071726645,27.303999999999995,2.7537362102055467,0.0003774675116431802,0.0010394459549880092
2021-08-20 00:28:35,bnc_to_hb,LINKUSDT.BNC,LINKUSDT.HB,27.30744955,27.308,40.0,0.0005449884550422267,0.02179953820168907
2021-08-20 00:28:42,bnc_to_hb,LINKUSDT.BNC,LINKUSDT.HB,27.3094,27.309999999999995,20.0,0.0005945380599971805,0.011890761199943612
2021-08-20 00:28:46,bnc_to_hb,LINKUSDT.BNC,LINKUSDT.HB,27.306350190874387,27.309,55.01,0.0026443475905961497,0.1454655609586942
2021-08-20 00:28:55,bnc_to_hb,LINKUSDT.BNC,LINKUSDT.HB,27.30550826619965,27.307000000000002,28.55,0.0014862725495243733,0.04243308128892086
2021-08-20 00:28:59,bnc_to_hb,LINKUSDT.BNC,LINKUSDT.HB,27.30978749413421,27.31387705302675,42.62,0.0040840965260845645,0.17406419394172412
2021-08-20 00:29:02,bnc_to_hb,LINKUSDT.BNC,LINKUSDT.HB,27.3099,27.309999999999995,20.0,9.453800999763531e-05,0.0018907601999527063
2021-08-20 00:29:06,bnc_to_hb,LINKUSDT.BNC,LINKUSDT.HB,27.278,27.283,0.89,0.004994543900002318,0.0044451440710020634
2021-08-20 00:29:09,bnc_to_hb,LINKUSDT.BNC,LINKUSDT.HB,27.276999999999997,27.2785,40.0,0.0014945444500043203,0.05978177800017281
2021-08-20 00:29:11,bnc_to_hb,LINKUSDT.BNC,LINKUSDT.HB,27.277000000000005,27.278500000000005,39.68,0.0014945444500005154,0.059303523776020446
2021-08-20 00:29:26,bnc_to_hb,LINKUSDT.BNC,LINKUSDT.HB,27.2834,27.284,16.44,0.000594543259999587,0.00977429119439321
2021-08-20 00:29:33,bnc_to_hb,LINKUSDT.BNC,LINKUSDT.HB,27.2784,27.279000000000003,0.23,0.0005945442599989105,0.00013674517979974944
2021-08-20 00:29:39,bnc_to_hb,LINKUSDT.BNC,LINKUSDT.HB,27.2799,27.28,13.94,9.454401000034291e-05,0.0013179434994047801
2021-08-20 00:29:44,bnc_to_hb,LINKUSDT.BNC,LINKUSDT.HB,27.2816,27.283,13.18,0.0013945435400018803,0.018380083857224783
2021-08-20 00:29:55,bnc_to_hb,LINKUSDT.BNC,LINKUSDT.HB,27.298,27.299,11.73,0.0009945403000000015,0.011665957719000019
2021-08-20 00:29:59,bnc_to_hb,LINKUSDT.BNC,LINKUSDT.HB,27.291999999999998,27.294,11.11,0.001994541400000391,0.022159354954004347
2021-08-20 00:30:06,bnc_to_hb,LINKUSDT.BNC,LINKUSDT.HB,27.290627145060476,27.292,24.638,0.0013673966768127023,0.03368991932331136
2021-08-20 00:30:49,bnc_to_hb,LINKUSDT.BNC,LINKUSDT.HB,27.332,27.3324,0.231,0.00039453355999900623,9.113725235977044e-05
2021-08-20 00:30:53,bnc_to_hb,LINKUSDT.BNC,LINKUSDT.HB,27.361068182350873,27.36365778741357,170.66,0.002584132590097689,0.4410080678260716
2021-08-20 00:30:56,bnc_to_hb,LINKUSDT.BNC,LINKUSDT.HB,27.36694636,27.368999999999996,25.0,0.00204816640535863,0.05120416013396575
2021-08-20 00:30:58,bnc_to_hb,LINKUSDT.BNC,LINKUSDT.HB,27.352,27.3587,1.38,0.006694528929998134,0.009238449923397424
2021-08-20 00:31:02,bnc_to_hb,LINKUSDT.BNC,LINKUSDT.HB,27.329999999999995,27.3302,20.0,0.00019453398000663933,0.0038906796001327865
2021-08-20 00:31:35,bnc_to_hb,LINKUSDT.BNC,LINKUSDT.HB,27.3001,27.301,1.374,0.000894539889998973,0.001229097808858589
2021-08-20 00:31:38,bnc_to_hb,LINKUSDT.BNC,LINKUSDT.HB,27.297548063339132,27.298000000000002,20.0,0.0004464771060626894,0.008929542121253789
2021-08-20 00:32:06,bnc_to_hb,LINKUSDT.BNC,LINKUSDT.HB,27.312129024390245,27.313,4.1,0.0008655130968521401,0.0035486036970937738
2021-08-20 00:32:20,bnc_to_hb,LINKUSDT.BNC,LINKUSDT.HB,27.310599999999997,27.312518418418417,9.990000000000002,0.0019129561065809424,0.01911043150474362
2021-08-20 00:32:25,bnc_to_hb,LINKUSDT.BNC,LINKUSDT.HB,27.348000000000003,27.350100000000005,10.0,0.0020945301900015005,0.020945301900015006
2021-08-20 00:32:26,bnc_to_hb,LINKUSDT.BNC,LINKUSDT.HB,27.353,27.3545,10.0,0.0014945292499986356,0.014945292499986357
2021-08-20 00:32:31,bnc_to_hb,LINKUSDT.BNC,LINKUSDT.HB,27.296,27.2972962962963,7.5600000000000005,0.0012908369666683448,0.009758727468012688
2021-08-20 00:32:33,bnc_to_hb,LINKUSDT.BNC,LINKUSDT.HB,27.298,27.3007,0.401,0.0026945401299988724,0.0010805105921295479
2021-08-20 00:32:40,bnc_to_hb,LINKUSDT.BNC,LINKUSDT.HB,27.306,27.3066,25.66,0.0005945387400003794,0.015255864068409735
2021-08-20 00:32:54,bnc_to_hb,LINKUSDT.BNC,LINKUSDT.HB,27.292,27.292700000000004,2.5,0.0006945415300005002,0.0017363538250012506
2021-08-20 00:33:06,bnc_to_hb,LINKUSDT.BNC,LINKUSDT.HB,27.299999999999997,27.300313683445392,110.06,0.00030822341402641075,0.03392306894774677
2021-08-20 00:33:16,bnc_to_hb,LINKUSDT.BNC,LINKUSDT.HB,27.312,27.317455946325207,22.804,0.005450483379610168,0.12429282298863026
2021-08-20 00:33:36,bnc_to_hb,LINKUSDT.BNC,LINKUSDT.HB,27.311900000000005,27.312,4.76,9.453760999830406e-05,0.0004499990235919273
2021-08-20 00:33:40,bnc_to_hb,LINKUSDT.BNC,LINKUSDT.HB,27.297999999999995,27.30061777493126,346.62300000000005,0.0026123150694904724,0.9054884863319962
2021-08-20 00:33:53,bnc_to_hb,LINKUSDT.BNC,LINKUSDT.HB,27.288,27.288706350000002,20.0,0.0007008923293665211,0.014017846587330421
2021-08-20 00:34:04,bnc_to_hb,LINKUSDT.BNC,LINKUSDT.HB,27.301600000000004,27.305,13.961,0.003394539339997101,0.04739116372569953
2021-08-20 00:34:34,bnc_to_hb,LINKUSDT.BNC,LINKUSDT.HB,27.28,27.28038854391927,194.22,0.00038308788041307323,0.07440332813382708
2021-08-20 00:34:38,bnc_to_hb,LINKUSDT.BNC,LINKUSDT.HB,27.279773310197108,27.280000000000005,73.766,0.0002212338255632661,0.016319534376499887
2021-08-20 00:34:39,bnc_to_hb,LINKUSDT.BNC,LINKUSDT.HB,27.277,27.2771,9.03,9.454458999932237e-05,0.0008537376476938809
2021-08-20 00:34:49,bnc_to_hb,LINKUSDT.BNC,LINKUSDT.HB,27.25,27.25175448826786,912.3230000000001,0.0017490380924125135,1.5956876795840618
2021-08-20 00:34:50,bnc_to_hb,LINKUSDT.BNC,LINKUSDT.HB,27.25,27.25048252500637,526.066,0.0004770749581178385,0.25097291491721885
2021-08-20 00:34:51,bnc_to_hb,LINKUSDT.BNC,LINKUSDT.HB,27.249299360884564,27.25,255.04000000000002,0.0006951891854970657,0.17730104986917164
2021-08-20 00:34:52,bnc_to_hb,LINKUSDT.BNC,LINKUSDT.HB,27.249999999999996,27.253934634698243,258.088,0.003929184304781711,1.0140753188525022
2021-08-20 00:34:53,bnc_to_hb,LINKUSDT.BNC,LINKUSDT.HB,27.249999999999996,27.25103298940268,50.107,0.001027539299385032,0.0514869116742858
2021-08-20 00:35:14,bnc_to_hb,LINKUSDT.BNC,LINKUSDT.HB,27.2654,27.265999999999995,0.43,0.0005945468599971145,0.0002556551497987592
2021-08-20 00:35:33,bnc_to_hb,LINKUSDT.BNC,LINKUSDT.HB,27.2347,27.240999999999996,1.58,0.006294552429995794,0.009945392839393356
2021-08-20 00:35:39,bnc_to_hb,LINKUSDT.BNC,LINKUSDT.HB,27.2631,27.266,10.0,0.0028945470899939514,0.028945470899939516
2021-08-20 00:36:05,bnc_to_hb,LINKUSDT.BNC,LINKUSDT.HB,27.229,27.229389486317807,20.830000000000002,0.000384040478861271,0.007999563174680275
2021-08-20 00:36:28,bnc_to_hb,LINKUSDT.BNC,LINKUSDT.HB,27.250432190329413,27.251000000000005,10.382,0.000562359527371063,0.005838416613166375
2021-08-20 00:36:31,bnc_to_hb,LINKUSDT.BNC,LINKUSDT.HB,27.250500000000002,27.251000000000005,10.382,0.0004945498500023902,0.005134416542724815
2021-08-20 00:37:18,bnc_to_hb,LINKUSDT.BNC,LINKUSDT.HB,27.282,27.283500000000004,55.308,0.0014945434500032474,0.0826602091327796
2021-08-20 00:37:23,bnc_to_hb,LINKUSDT.BNC,LINKUSDT.HB,27.252099999999995,27.253,5.46,0.0008945494900024963,0.004884240215413629
2021-08-20 00:37:30,bnc_to_hb,LINKUSDT.BNC,LINKUSDT.HB,27.272,27.2774,3.66,0.005394545060002518,0.01974403491960922
2021-08-20 00:37:38,bnc_to_hb,LINKUSDT.BNC,LINKUSDT.HB,27.279,27.2796,8.52,0.0005945441399962999,0.005065516072768475
2021-08-20 00:37:45,bnc_to_hb,LINKUSDT.BNC,LINKUSDT.HB,27.316,27.3162,7.855,0.00019453677999799158,0.001528086406884224
2021-08-20 00:37:56,bnc_to_hb,LINKUSDT.BNC,LINKUSDT.HB,27.3015,27.304248361581923,8.85,0.0027429010070858352,0.02427467391270964
2021-08-20 00:38:00,bnc_to_hb,LINKUSDT.BNC,LINKUSDT.HB,27.301,27.301300000000005,9.99,0.0002945397700050371,0.0029424523023503205
2021-08-20 00:38:10,bnc_to_hb,LINKUSDT.BNC,LINKUSDT.HB,27.3069,27.3080698350202,222.997,0.001164373523216782,0.2596518025567727
2021-08-20 00:38:13,bnc_to_hb,LINKUSDT.BNC,LINKUSDT.HB,27.3069,27.310400712287347,513.276,0.003495250557276294,1.7940282250365471
2021-08-20 00:38:15,bnc_to_hb,LINKUSDT.BNC,LINKUSDT.HB,27.317,27.317040609472905,36.050701852007776,3.5146068843777486e-05,0.0012670404491571619
2021-08-20 00:38:19,bnc_to_hb,LINKUSDT.BNC,LINKUSDT.HB,27.3217,27.324,0.73,0.0022945354299990684,0.00167501086389932
2021-08-20 00:38:20,bnc_to_hb,LINKUSDT.BNC,LINKUSDT.HB,27.321700000000003,27.322205571293676,31.77,0.000500106903113625,0.015888396311919864
2021-08-20 00:38:35,bnc_to_hb,LINKUSDT.BNC,LINKUSDT.HB,27.302299999999995,27.303314833837824,438.06600000000003,0.0010093732763465034,0.4421721136760074
2021-08-20 00:38:36,bnc_to_hb,LINKUSDT.BNC,LINKUSDT.HB,27.302300000000002,27.311000000000003,81.19,0.008694538670000437,0.7059095946173355
2021-08-20 00:38:37,bnc_to_hb,LINKUSDT.BNC,LINKUSDT.HB,27.3023,27.314,5.21,0.01169453837000037,0.06092854490770193
2021-08-20 00:39:19,bnc_to_hb,LINKUSDT.BNC,LINKUSDT.HB,27.292,27.295000000000005,26.6,0.0029945413000034256,0.07965479858009113
2021-08-20 00:39:35,bnc_to_hb,LINKUSDT.BNC,LINKUSDT.HB,27.2606,27.262,0.25,0.0013945477400002899,0.00034863693500007247
2021-08-20 00:39:51,bnc_to_hb,LINKUSDT.BNC,LINKUSDT.HB,27.313,27.3133,1.85,0.00029453737000304555,0.0005448941345056343
2021-08-20 00:40:19,bnc_to_hb,LINKUSDT.BNC,LINKUSDT.HB,27.357,27.3598,1.41,0.0027945283200008315,0.003940284931201172
2021-08-20 00:40:24,bnc_to_hb,LINKUSDT.BNC,LINKUSDT.HB,27.35,27.3534,10.0,0.0033945296599991815,0.03394529659999181
2021-08-20 00:40:26,bnc_to_hb,LINKUSDT.BNC,LINKUSDT.HB,27.35,27.3512,0.068,0.0011945298799985876,8.122803183990397e-05
2021-08-20 00:40:31,bnc_to_hb,LINKUSDT.BNC,LINKUSDT.HB,27.354279023060645,27.356735828282467,27.883,0.002451334120336175,0.06835054927733357
2021-08-20 00:40:35,bnc_to_hb,LINKUSDT.BNC,LINKUSDT.HB,27.353000000000005,27.353436585365856,41.0,0.00043111472219089836,0.017675703609826832
2021-08-20 00:40:37,bnc_to_hb,LINKUSDT.BNC,LINKUSDT.HB,27.3510238010261,27.35505926834709,89.66,0.00402999671268436,0.3613295052592797
2021-08-20 00:40:41,bnc_to_hb,LINKUSDT.BNC,LINKUSDT.HB,27.346764106101745,27.350000000000005,224.69,0.0032304242218492967,0.7258440184073185
2021-08-20 00:40:46,bnc_to_hb,LINKUSDT.BNC,LINKUSDT.HB,27.359,27.359699999999997,10.0,0.0006945281299948158,0.0069452812999481585
2021-08-20 00:40:53,bnc_to_hb,LINKUSDT.BNC,LINKUSDT.HB,27.363554502369666,27.3728,14.77,0.00924002399488432,0.1364751544044414
2021-08-20 00:40:56,bnc_to_hb,LINKUSDT.BNC,LINKUSDT.HB,27.372999999999998,27.373753261571583,46.45,0.0007477868962561021,0.03473470133109594
2021-08-20 00:40:57,bnc_to_hb,LINKUSDT.BNC,LINKUSDT.HB,27.37,27.3703,64.84,0.00029452597000001745,0.019097063894801133
2021-08-20 00:40:58,bnc_to_hb,LINKUSDT.BNC,LINKUSDT.HB,27.362,27.364265695120306,118.368,0.0022602224937378155,0.2675380161387577
2021-08-20 00:41:00,bnc_to_hb,LINKUSDT.BNC,LINKUSDT.HB,27.36446327166147,27.366967796299686,21.836,0.0024990514951109075,0.05456928844724177
2021-08-20 00:41:02,bnc_to_hb,LINKUSDT.BNC,LINKUSDT.HB,27.365,27.3665,1.646,0.0014945268499986842,0.002459991195097834
2021-08-20 00:41:07,bnc_to_hb,LINKUSDT.BNC,LINKUSDT.HB,27.359,27.36166654445463,10.91,0.0026610723879735526,0.02903229975279146
2021-08-20 00:41:12,bnc_to_hb,LINKUSDT.BNC,LINKUSDT.HB,27.361,27.36138729703916,10.47,0.0003818248004292191,0.003997705660493924
2021-08-20 00:41:21,bnc_to_hb,LINKUSDT.BNC,LINKUSDT.HB,27.362,27.3629,9.55,0.0008945275100014551,0.008542737720513897
2021-08-20 00:41:25,bnc_to_hb,LINKUSDT.BNC,LINKUSDT.HB,27.362565616438356,27.3633,7.300000000000001,0.0007289109750813026,0.00532105011809351
2021-08-20 00:41:28,bnc_to_hb,LINKUSDT.BNC,LINKUSDT.HB,27.355,27.3554,1.57,0.00039452895999933936,0.0006194104671989628
2021-08-20 00:41:29,bnc_to_hb,LINKUSDT.BNC,LINKUSDT.HB,27.354,27.3554,0.551,0.001394529059999355,0.0007683855120596446
2021-08-20 00:41:30,bnc_to_hb,LINKUSDT.BNC,LINKUSDT.HB,27.353,27.3554,1.36,0.0023945291599958693,0.0032565596575943826
2021-08-20 00:41:31,bnc_to_hb,LINKUSDT.BNC,LINKUSDT.HB,27.353000000000005,27.3554,0.86,0.00239452915999672,0.002059295077597179
2021-08-20 00:41:37,bnc_to_hb,LINKUSDT.BNC,LINKUSDT.HB,27.308,27.312,1.65,0.00399453799999929,0.006590987699998828
2021-08-20 00:41:41,bnc_to_hb,LINKUSDT.BNC,LINKUSDT.HB,27.342700166348845,27.343799999999998,24.647000000000002,0.0010943650011385605,0.0269728141830621
2021-08-20 00:41:42,bnc_to_hb,LINKUSDT.BNC,LINKUSDT.HB,27.342700166348845,27.3455,24.647000000000002,0.002794364831142191,0.06887270999316158
2021-08-20 00:41:57,bnc_to_hb,LINKUSDT.BNC,LINKUSDT.HB,27.363,27.3644871875,3.2,0.0014817147512834574,0.004741487204107064
2021-08-20 00:41:58,bnc_to_hb,LINKUSDT.BNC,LINKUSDT.HB,27.363,27.365,0.93,0.0019945271999968666,0.0018549102959970862
2021-08-20 00:42:02,bnc_to_hb,LINKUSDT.BNC,LINKUSDT.HB,27.355,27.357253264856933,13.63,0.002247793631606315,0.030637427198794077
2021-08-20 00:42:10,bnc_to_hb,LINKUSDT.BNC,LINKUSDT.HB,27.383,27.383100000000002,5.0,9.452339000331965e-05,0.0004726169500165983
2021-08-20 00:42:12,bnc_to_hb,LINKUSDT.BNC,LINKUSDT.HB,27.4,27.40121392784475,91.414,0.0012084477233594354,0.11046904018317942
2021-08-20 00:42:14,bnc_to_hb,LINKUSDT.BNC,LINKUSDT.HB,27.4,27.400594334062976,47.512,0.0005888540035422891,0.02797763141630124
2021-08-20 00:42:15,bnc_to_hb,LINKUSDT.BNC,LINKUSDT.HB,27.399999999999995,27.400891412334243,47.510000000000005,0.0008859322451053107,0.04209064096495332
2021-08-20 00:42:18,bnc_to_hb,LINKUSDT.BNC,LINKUSDT.HB,27.400000000000002,27.40336150601234,133.226,0.003356025676187941,0.44710987673581465
2021-08-20 00:42:19,bnc_to_hb,LINKUSDT.BNC,LINKUSDT.HB,27.4,27.40684406113436,216.24500000000003,0.006838580449956579,1.4788088294008608
2021-08-20 00:42:20,bnc_to_hb,LINKUSDT.BNC,LINKUSDT.HB,27.399999999999995,27.4079821779709,104.253,0.007976697172685657,0.8315946103439977
2021-08-20 00:42:24,bnc_to_hb,LINKUSDT.BNC,LINKUSDT.HB,27.4,27.40091404177071,448.113,0.0009085616793113615,0.40713829980125216
2021-08-20 00:42:25,bnc_to_hb,LINKUSDT.BNC,LINKUSDT.HB,27.4,27.40178830814138,830.424,0.0017828279625531935,1.4805031279752732
2021-08-20 00:42:26,bnc_to_hb,LINKUSDT.BNC,LINKUSDT.HB,27.4,27.401625596541166,1131.942,0.0016201163786077387,1.833877773834001
2021-08-20 00:42:27,bnc_to_hb,LINKUSDT.BNC,LINKUSDT.HB,27.4,27.402823678757603,1516.8110000000001,0.002818198475235203,4.274674447419984
2021-08-20 00:42:28,bnc_to_hb,LINKUSDT.BNC,LINKUSDT.HB,27.400000000000002,27.40418801126033,1576.863,0.004182530841526566,6.595278130362105
2021-08-20 00:42:29,bnc_to_hb,LINKUSDT.BNC,LINKUSDT.HB,27.4,27.40386358537927,1637.757,0.00385810499291423,6.318638458880231
2021-08-20 00:42:30,bnc_to_hb,LINKUSDT.BNC,LINKUSDT.HB,27.39988549817593,27.399999999999995,306.4580000000001,0.00010902183551546988,0.033410613668399876
2021-08-20 00:42:31,bnc_to_hb,LINKUSDT.BNC,LINKUSDT.HB,27.400000000000002,27.40227685967027,970.0509999999999,0.0022713794425787753,2.2033538996529836
2021-08-20 00:42:32,bnc_to_hb,LINKUSDT.BNC,LINKUSDT.HB,27.400000000000006,27.402056604492845,813.204,0.0020511242871783506,1.6679824748305834
2021-08-20 00:42:33,bnc_to_hb,LINKUSDT.BNC,LINKUSDT.HB,27.400000000000002,27.4014859498103,915.646,0.0014804696617043386,1.3555861238609308
2021-08-20 00:42:34,bnc_to_hb,LINKUSDT.BNC,LINKUSDT.HB,27.4,27.403666351117444,1305.66,0.003660870750806896,4.779852504498532
2021-08-20 00:42:35,bnc_to_hb,LINKUSDT.BNC,LINKUSDT.HB,27.399999999999995,27.40384465726993,1716.4820000000002,0.003839176885468446,6.58987801872265
2021-08-20 00:42:36,bnc_to_hb,LINKUSDT.BNC,LINKUSDT.HB,27.4,27.40527779078406,1084.946,0.005272310256280513,5.720171923310517
2021-08-20 00:42:37,bnc_to_hb,LINKUSDT.BNC,LINKUSDT.HB,27.399999999999995,27.402942066972532,1302.5040000000001,0.0029365866783312806,3.8249158948732065
2021-08-20 00:42:38,bnc_to_hb,LINKUSDT.BNC,LINKUSDT.HB,27.399958348991607,27.40094774713574,415.116,0.00098391805352355,0.40844012670648194
2021-08-20 00:42:39,bnc_to_hb,LINKUSDT.BNC,LINKUSDT.HB,27.400000000000002,27.406163832506703,1485.743,0.006158351890317485,9.14972821257597
2021-08-20 00:42:40,bnc_to_hb,LINKUSDT.BNC,LINKUSDT.HB,27.4,27.412597727288464,866.2780000000001,0.012592246028694177,10.908385705245136
2021-08-20 00:42:41,bnc_to_hb,LINKUSDT.BNC,LINKUSDT.HB,27.400000000000002,27.407041923886723,992.179,0.007036443182530109,6.98141116039954
2021-08-20 00:42:42,bnc_to_hb,LINKUSDT.BNC,LINKUSDT.HB,27.400000000000002,27.402742379487993,2569.578,0.002736899213754543,7.032676007880971
2021-08-20 00:42:43,bnc_to_hb,LINKUSDT.BNC,LINKUSDT.HB,27.4,27.40418319919328,2871.874,0.0041777187749613715,11.997881929123414
2021-08-20 00:42:44,bnc_to_hb,LINKUSDT.BNC,LINKUSDT.HB,27.400000000000002,27.400999109570957,1556.5529999999999,0.0009936294710439792,1.5466369340419188
2021-08-20 00:42:47,bnc_to_hb,LINKUSDT.BNC,LINKUSDT.HB,27.399999999999995,27.402072258552685,2698.684,0.0020667783454635653,5.5775816524489965
2021-08-20 00:42:48,bnc_to_hb,LINKUSDT.BNC,LINKUSDT.HB,27.400000000000002,27.40232854652195,2495.607,0.0023230662890924977,5.797460492523261
2021-08-20 00:42:49,bnc_to_hb,LINKUSDT.BNC,LINKUSDT.HB,27.39271425538146,27.392999999999997,136.58,0.0002802660471116226,0.038278736714505414
2021-08-20 00:42:50,bnc_to_hb,LINKUSDT.BNC,LINKUSDT.HB,27.3684,27.369000000000003,28.932304957542275,0.0005945262599997684,0.01720101505958037
2021-08-20 00:42:54,bnc_to_hb,LINKUSDT.BNC,LINKUSDT.HB,27.399,27.3994,34.95,0.0003945201599984782,0.013788479591946814
2021-08-20 00:42:56,bnc_to_hb,LINKUSDT.BNC,LINKUSDT.HB,27.3995,27.400954733283243,15.972000000000001,0.001449253237772331,0.023147472713699675
2021-08-20 00:42:57,bnc_to_hb,LINKUSDT.BNC,LINKUSDT.HB,27.399997534765962,27.404969936470923,405.64099999999996,0.004966921208212167,2.0147868858203917
2021-08-20 00:42:59,bnc_to_hb,LINKUSDT.BNC,LINKUSDT.HB,27.400000000000002,27.40054117444854,564.367,0.0005356943944224493,0.30232823829701444
2021-08-20 00:43:01,bnc_to_hb,LINKUSDT.BNC,LINKUSDT.HB,27.3992,27.4,41.283,0.0007945200799982092,0.03280017246256607
2021-08-20 00:43:03,bnc_to_hb,LINKUSDT.BNC,LINKUSDT.HB,27.39984687889247,27.400296296296297,135.0,0.0004439373895100674,0.0599315475838591
2021-08-20 00:43:04,bnc_to_hb,LINKUSDT.BNC,LINKUSDT.HB,27.398000000000003,27.399313753581666,11.168,0.0013082738502882049,0.01461080236001867
2021-08-20 00:43:05,bnc_to_hb,LINKUSDT.BNC,LINKUSDT.HB,27.398,27.403,0.369,0.004994519899998457,0.0018429778430994305
2021-08-20 00:43:06,bnc_to_hb,LINKUSDT.BNC,LINKUSDT.HB,27.39809945739168,27.402999999999995,36.859,0.004895062498370253,0.18042710862742917
2021-08-20 00:43:10,bnc_to_hb,LINKUSDT.BNC,LINKUSDT.HB,27.3952,27.395999999999997,1.836,0.0007945208799988166,0.0014587403356778274
2021-08-20 00:43:24,bnc_to_hb,LINKUSDT.BNC,LINKUSDT.HB,27.400000000000002,27.400418792334513,435.667,0.00041331229263262916,0.18006652659437963
2021-08-20 00:43:30,bnc_to_hb,LINKUSDT.BNC,LINKUSDT.HB,27.4,27.40099834354294,319.96000000000004,0.0009928634431071272,0.31767658725655645
2021-08-20 00:43:31,bnc_to_hb,LINKUSDT.BNC,LINKUSDT.HB,27.400000000000002,27.402572801474467,75.96,0.0025673212171829244,0.19501371965721492
2021-08-20 00:43:32,bnc_to_hb,LINKUSDT.BNC,LINKUSDT.HB,27.39998493488208,27.400922984864486,14.205,0.0009325698916132176,0.013247155310365756
2021-08-20 00:43:34,bnc_to_hb,LINKUSDT.BNC,LINKUSDT.HB,27.399935387995086,27.401047877495635,15.477,0.001107009402223554,0.017133184518213947
2021-08-20 00:43:35,bnc_to_hb,LINKUSDT.BNC,LINKUSDT.HB,27.399922773959375,27.400915514711564,12.949,0.0009872606683573003,0.01278403839455868
2021-08-20 00:43:38,bnc_to_hb,LINKUSDT.BNC,LINKUSDT.HB,27.4,27.401984646803548,27.421,0.001979166605085929,0.054270727478061255
2021-08-20 00:43:39,bnc_to_hb,LINKUSDT.BNC,LINKUSDT.HB,27.4,27.40087332676519,76.125,0.000867846677858499,0.06606482835197823
2021-08-20 00:43:40,bnc_to_hb,LINKUSDT.BNC,LINKUSDT.HB,27.4,27.40392807308644,306.158,0.003922592693634322,1.2009331338976967
2021-08-20 00:43:41,bnc_to_hb,LINKUSDT.BNC,LINKUSDT.HB,27.4,27.401251173384416,455.733,0.0012456932592995284,0.567703526140352
2021-08-20 00:43:42,bnc_to_hb,LINKUSDT.BNC,LINKUSDT.HB,27.4,27.401736072064217,688.2750000000001,0.0017305918906120987,1.1911231335110424
2021-08-20 00:43:43,bnc_to_hb,LINKUSDT.BNC,LINKUSDT.HB,27.399999999999995,27.401677689912947,296.16200000000003,0.0016722097451846514,0.4952449825533768
2021-08-20 00:43:45,bnc_to_hb,LINKUSDT.BNC,LINKUSDT.HB,27.398523661316013,27.398999999999997,8.161,0.0004708589316182371,0.0038426797409364328
2021-08-20 00:43:46,bnc_to_hb,LINKUSDT.BNC,LINKUSDT.HB,27.3985,27.399,2.14,0.000494520250002653,0.0010582733350056775
2021-08-20 00:43:50,bnc_to_hb,LINKUSDT.BNC,LINKUSDT.HB,27.38,27.385,1.86,0.004994523500001717,0.009289813710003194
2021-08-20 00:43:51,bnc_to_hb,LINKUSDT.BNC,LINKUSDT.HB,27.39068492857143,27.392,28.0,0.0013095931600755548,0.03666860848211553
2021-08-20 00:44:04,bnc_to_hb,LINKUSDT.BNC,LINKUSDT.HB,27.377984375,27.377999999999997,39.99999999999999,1.0149401559998892e-05,0.0004059760623999556
2021-08-20 00:44:05,bnc_to_hb,LINKUSDT.BNC,LINKUSDT.HB,27.3756,27.377,0.26,0.001394524739997557,0.00036257643239936483
2021-08-20 00:44:07,bnc_to_hb,LINKUSDT.BNC,LINKUSDT.HB,27.3708810741688,27.372,15.64,0.0011134515430936114,0.017414382133984083
2021-08-20 00:44:12,bnc_to_hb,LINKUSDT.BNC,LINKUSDT.HB,27.3377,27.339,9.178649154830143,0.0012945323299959643,0.011882058076617755
2021-08-20 00:44:16,bnc_to_hb,LINKUSDT.BNC,LINKUSDT.HB,27.3339,27.337,0.72,0.0030945329099990914,0.0022280636951993458
2021-08-20 00:44:17,bnc_to_hb,LINKUSDT.BNC,LINKUSDT.HB,27.3371,27.338,1.286,0.0008945324900030022,0.0011503687821438609
2021-08-20 00:44:18,bnc_to_hb,LINKUSDT.BNC,LINKUSDT.HB,27.3292,27.336,0.76,0.006794533479996867,0.005163845444797619
2021-08-20 00:44:20,bnc_to_hb,LINKUSDT.BNC,LINKUSDT.HB,27.3279,27.328,8.579,9.453440999997027e-05,0.000811010703389745
2021-08-20 00:44:21,bnc_to_hb,LINKUSDT.BNC,LINKUSDT.HB,27.3226,27.326,6.977938629559413,0.0033945351400018757,0.023686857882815958
2021-08-20 00:44:25,bnc_to_hb,LINKUSDT.BNC,LINKUSDT.HB,27.3166,27.317000000000004,21.193,0.0003945366400007421,0.008361415011535728
2021-08-20 00:44:26,bnc_to_hb,LINKUSDT.BNC,LINKUSDT.HB,27.3158,27.317000000000004,22.512,0.0011945367200043642,0.026891410640738248
2021-08-20 00:44:31,bnc_to_hb,LINKUSDT.BNC,LINKUSDT.HB,27.319373766937666,27.319999999999997,18.450000000000003,0.0006207691249564483,0.011453190355446471
2021-08-20 00:44:37,bnc_to_hb,LINKUSDT.BNC,LINKUSDT.HB,27.317699999999995,27.32,95.0,0.0022945362300042507,0.21798094185040381
2021-08-20 00:44:38,bnc_to_hb,LINKUSDT.BNC,LINKUSDT.HB,27.3109,27.314,57.47,0.0030945375100009677,0.1778430706997556
2021-08-20 00:44:41,bnc_to_hb,LINKUSDT.BNC,LINKUSDT.HB,27.3131,27.315999999999995,0.37,0.002894537089999675,0.0010709787232998796
2021-08-20 00:44:43,bnc_to_hb,LINKUSDT.BNC,LINKUSDT.HB,27.3148,27.321,29.86,0.006194536419998434,0.18496885750115324
2021-08-20 00:44:46,bnc_to_hb,LINKUSDT.BNC,LINKUSDT.HB,27.338100000000004,27.339999999999996,2.5,0.0018945321899948614,0.004736330474987153
2021-08-20 00:44:47,bnc_to_hb,LINKUSDT.BNC,LINKUSDT.HB,27.338100000000004,27.343,2.5,0.004894531889997817,0.012236329724994542
2021-08-20 00:44:50,bnc_to_hb,LINKUSDT.BNC,LINKUSDT.HB,27.33785992274616,27.338268202026097,13.721,0.0004028116671241397,0.005526978884610321
2021-08-20 00:44:53,bnc_to_hb,LINKUSDT.BNC,LINKUSDT.HB,27.3452,27.34713079658606,14.06,0.001925327352985094,0.02707010258297042
2021-08-20 00:44:59,bnc_to_hb,LINKUSDT.BNC,LINKUSDT.HB,27.323099999999997,27.33,9.99,0.006894534690002052,0.0688764015531205
2021-08-20 00:45:06,bnc_to_hb,LINKUSDT.BNC,LINKUSDT.HB,27.3237,27.325,0.549,0.0012945351300006783,0.0007106997863703724
2021-08-20 00:45:08,bnc_to_hb,LINKUSDT.BNC,LINKUSDT.HB,27.32628839976205,27.327,1.681,0.0007061349091151303,0.001187012782222534
2021-08-20 00:45:28,bnc_to_hb,LINKUSDT.BNC,LINKUSDT.HB,27.371537075718017,27.373,3.83,0.001457449828278798,0.005582032842307796
2021-08-20 00:45:32,bnc_to_hb,LINKUSDT.BNC,LINKUSDT.HB,27.367999999999995,27.3695,0.21,0.0014945262500024254,0.00031385051250050933
2021-08-20 00:45:46,bnc_to_hb,LINKUSDT.BNC,LINKUSDT.HB,27.3879697460832,27.388299999999997,1.851,0.00032477628982477115,0.0006011609124656514
2021-08-20 00:45:49,bnc_to_hb,LINKUSDT.BNC,LINKUSDT.HB,27.3893,27.390999999999995,1.349575673711997,0.0016945219699986869,0.0022868856292807584
2021-08-20 00:45:50,bnc_to_hb,LINKUSDT.BNC,LINKUSDT.HB,27.3893,27.390999999999995,1.349575673711997,0.0016945219699986869,0.0022868856292807584
2021-08-20 00:45:54,bnc_to_hb,LINKUSDT.BNC,LINKUSDT.HB,27.3995,27.4,101.32,0.0004945200499988137,0.050104771465879806
2021-08-20 00:45:56,bnc_to_hb,LINKUSDT.BNC,LINKUSDT.HB,27.3995,27.4,72.674,0.0004945200500000436,0.03593875011370317
2021-08-20 00:46:08,bnc_to_hb,LINKUSDT.BNC,LINKUSDT.HB,27.3553,27.359,0.23,0.003694528569999718,0.0008497415710999351
2021-08-20 00:46:33,bnc_to_hb,LINKUSDT.BNC,LINKUSDT.HB,27.317,27.3174,14.08,0.0003945365599993908,0.005555074764791422
2021-08-20 00:46:42,bnc_to_hb,LINKUSDT.BNC,LINKUSDT.HB,27.297,27.297406400469754,51.09,0.00040094102911451796,0.020484077177460723
2021-08-20 00:46:46,bnc_to_hb,LINKUSDT.BNC,LINKUSDT.HB,27.294,27.296,9.26,0.0019945409999994825,0.018469449659995207
2021-08-20 00:46:47,bnc_to_hb,LINKUSDT.BNC,LINKUSDT.HB,27.294,27.295000000000005,5.55,0.000994541100005031,0.005519703105027922
2021-08-20 00:47:04,bnc_to_hb,LINKUSDT.BNC,LINKUSDT.HB,27.2863,27.291,0.55,0.0046945422699997035,0.0025819982484998373
2021-08-20 00:47:18,bnc_to_hb,LINKUSDT.BNC,LINKUSDT.HB,27.284,27.2872,5.39,0.003194542879999081,0.017218586123195045
2021-08-20 00:47:50,bnc_to_hb,LINKUSDT.BNC,LINKUSDT.HB,27.309000000000005,27.3109,0.73,0.0018945380099966913,0.0013830127472975846
2021-08-20 00:47:52,bnc_to_hb,LINKUSDT.BNC,LINKUSDT.HB,27.297000000000004,27.2974,5.0,0.0003945405599962256,0.001972702799981128
2021-08-20 00:48:31,bnc_to_hb,LINKUSDT.BNC,LINKUSDT.HB,27.2604,27.26239326065411,20.18,0.001987808374785258,0.040113973003166506
2021-08-20 00:48:33,bnc_to_hb,LINKUSDT.BNC,LINKUSDT.HB,27.274,27.274639999999998,50.0,0.0006345451359985085,0.03172725679992543
2021-08-20 00:48:53,bnc_to_hb,LINKUSDT.BNC,LINKUSDT.HB,27.263,27.264999999999997,0.081,0.0019945471999944617,0.0001615583231995514
2021-08-20 00:48:57,bnc_to_hb,LINKUSDT.BNC,LINKUSDT.HB,27.2614,27.264,1.0,0.002594547460001046,0.002594547460001046
2021-08-20 00:48:58,bnc_to_hb,LINKUSDT.BNC,LINKUSDT.HB,27.2614,27.263,0.69,0.0015945475600022438,0.0011002378164015481
2021-08-20 00:49:03,bnc_to_hb,LINKUSDT.BNC,LINKUSDT.HB,27.261000000000003,27.26106878980892,7.85,6.333760203832778e-05,0.0004972001760008731
2021-08-20 00:49:08,bnc_to_hb,LINKUSDT.BNC,LINKUSDT.HB,27.333000000000002,27.333100000000005,103.59,9.45333900032346e-05,0.009792713870435073
2021-08-20 00:49:10,bnc_to_hb,LINKUSDT.BNC,LINKUSDT.HB,27.321999999999996,27.323,20.0,0.000994535500004775,0.0198907100000955
2021-08-20 00:49:13,bnc_to_hb,LINKUSDT.BNC,LINKUSDT.HB,27.323,27.32429746588694,10.26,0.00129200115719151,0.013255931872784892
2021-08-20 00:49:18,bnc_to_hb,LINKUSDT.BNC,LINKUSDT.HB,27.326,27.326859007832898,15.32,0.0008535425469954798,0.013076271819970751
2021-08-20 00:49:23,bnc_to_hb,LINKUSDT.BNC,LINKUSDT.HB,27.308,27.308999999999997,19.81,0.0009945383000003415,0.019701803723006766
2021-08-20 00:49:27,bnc_to_hb,LINKUSDT.BNC,LINKUSDT.HB,27.324,27.3249,1.0,0.0008945351099979025,0.0008945351099979025
2021-08-20 00:49:40,bnc_to_hb,LINKUSDT.BNC,LINKUSDT.HB,27.3099,27.309999999999995,5.0,9.453800999763531e-05,0.0004726900499881766
2021-08-20 00:49:48,bnc_to_hb,LINKUSDT.BNC,LINKUSDT.HB,27.304599999999997,27.305,0.732,0.00039453904000058207,0.00028880257728042605
2021-08-20 00:50:00,bnc_to_hb,LINKUSDT.BNC,LINKUSDT.HB,27.328,27.328275019098545,52.36,0.0002695534710427026,0.014113819743795908
2021-08-20 00:50:05,bnc_to_hb,LINKUSDT.BNC,LINKUSDT.HB,27.307,27.3095,9.13,0.002494538350001275,0.022775135135511642
2021-08-20 00:50:10,bnc_to_hb,LINKUSDT.BNC,LINKUSDT.HB,27.301072332730563,27.30369616636528,27.65,0.00261837315786911,0.07239801781508089
2021-08-20 00:50:11,bnc_to_hb,LINKUSDT.BNC,LINKUSDT.HB,27.3011,27.30434495,20.0,0.0032394894555034257,0.06478978911006851
2021-08-20 00:50:34,bnc_to_hb,LINKUSDT.BNC,LINKUSDT.HB,27.264700000000005,27.268000000000004,0.6,0.0032945467299994144,0.0019767280379996486
2021-08-20 00:50:35,bnc_to_hb,LINKUSDT.BNC,LINKUSDT.HB,27.264700000000005,27.264999999999997,0.6,0.0002945470299945639,0.00017672821799673833
2021-08-20 00:50:36,bnc_to_hb,LINKUSDT.BNC,LINKUSDT.HB,27.264700000000005,27.264999999999997,0.6,0.0002945470299945639,0.00017672821799673833
2021-08-20 00:50:44,bnc_to_hb,LINKUSDT.BNC,LINKUSDT.HB,27.2485,27.25,0.27,0.001494550150002425,0.0004035285405006548
2021-08-20 00:51:02,bnc_to_hb,LINKUSDT.BNC,LINKUSDT.HB,27.223000000000003,27.224,20.0,0.0009945552999990905,0.019891105999981812
2021-08-20 00:51:29,bnc_to_hb,LINKUSDT.BNC,LINKUSDT.HB,27.2072,27.208,1.31,0.0007945584799979185,0.0010408716087972733
2021-08-20 00:51:33,bnc_to_hb,LINKUSDT.BNC,LINKUSDT.HB,27.173,27.1761,0.337,0.0030945650900039818,0.001042868435331342
2021-08-20 00:52:20,bnc_to_hb,LINKUSDT.BNC,LINKUSDT.HB,27.167,27.1681,38.927,0.0010945664899969629,0.042608189756111775
2021-08-20 00:52:28,bnc_to_hb,LINKUSDT.BNC,LINKUSDT.HB,27.147,27.1475,0.38,0.0004945705500044443,0.00018793680900168884
2021-08-20 00:52:29,bnc_to_hb,LINKUSDT.BNC,LINKUSDT.HB,27.146,27.1475,0.196,0.001494570650001217,0.00029293584740023855
2021-08-20 00:52:58,bnc_to_hb,LINKUSDT.BNC,LINKUSDT.HB,27.188200000000002,27.189,2.5,0.0007945622799981355,0.0019864056999953387
2021-08-20 00:53:01,bnc_to_hb,LINKUSDT.BNC,LINKUSDT.HB,27.185,27.1874,1.5,0.002394562760003881,0.003591844140005821
2021-08-20 00:53:10,bnc_to_hb,LINKUSDT.BNC,LINKUSDT.HB,27.19,27.1906,1.868,0.0005945619399975214,0.00111064170391537
2021-08-20 00:53:24,bnc_to_hb,LINKUSDT.BNC,LINKUSDT.HB,27.195,27.195399999999996,4.77,0.0003945609599970717,0.001882055779186032
2021-08-20 00:53:44,bnc_to_hb,LINKUSDT.BNC,LINKUSDT.HB,27.187999999999995,27.189634937593606,100.15,0.001629499830116603,0.1631944079861778
2021-08-20 00:53:48,bnc_to_hb,LINKUSDT.BNC,LINKUSDT.HB,27.175,27.1765,53.63,0.0014945648500010122,0.08015351290555428
2021-08-20 00:53:51,bnc_to_hb,LINKUSDT.BNC,LINKUSDT.HB,27.175,27.1765,4.6,0.001494564850000366,0.0068749983100016825
2021-08-20 00:53:59,bnc_to_hb,LINKUSDT.BNC,LINKUSDT.HB,27.161,27.161795338420706,60.279999999999994,0.0007899061411700738,0.047615542189732046
2021-08-20 00:54:00,bnc_to_hb,LINKUSDT.BNC,LINKUSDT.HB,27.148000000000003,27.1488,2.5,0.0007945703199981356,0.001986425799995339
2021-08-20 00:54:14,bnc_to_hb,LINKUSDT.BNC,LINKUSDT.HB,27.1252,27.128,0.025,0.0027945746800005795,6.986436700001449e-05
2021-08-20 00:54:16,bnc_to_hb,LINKUSDT.BNC,LINKUSDT.HB,27.131190889132817,27.132,127.54,0.0008036845480920323,0.10250192726365781
2021-08-20 00:54:24,bnc_to_hb,LINKUSDT.BNC,LINKUSDT.HB,27.138950996015936,27.140000000000004,2.51,0.001043576088970998,0.0026193759833172047
2021-08-20 00:54:25,bnc_to_hb,LINKUSDT.BNC,LINKUSDT.HB,27.1387,27.14,0.83,0.0012945721300008652,0.0010744948679007181
2021-08-20 00:54:26,bnc_to_hb,LINKUSDT.BNC,LINKUSDT.HB,27.1387,27.142,0.44,0.0032945719300010294,0.001449611649200453
2021-08-20 00:54:29,bnc_to_hb,LINKUSDT.BNC,LINKUSDT.HB,27.153,27.1532,10.0,0.00019456938000095498,0.0019456938000095498
2021-08-20 00:55:08,bnc_to_hb,LINKUSDT.BNC,LINKUSDT.HB,27.14,27.1429,0.736,0.0028945717099989185,0.002130404778559204
2021-08-20 00:55:12,bnc_to_hb,LINKUSDT.BNC,LINKUSDT.HB,27.150297902516986,27.152000000000008,50.059999999999995,0.0016966672532317659,0.0849351626967822
2021-08-20 00:55:13,bnc_to_hb,LINKUSDT.BNC,LINKUSDT.HB,27.159960416666667,27.161,1.44,0.0010341512372920318,0.0014891777817005257
2021-08-20 00:55:14,bnc_to_hb,LINKUSDT.BNC,LINKUSDT.HB,27.1632,27.163999999999998,2.5,0.0007945672799981356,0.001986418199995339
2021-08-20 00:56:23,bnc_to_hb,LINKUSDT.BNC,LINKUSDT.HB,27.142999999999997,27.1432,0.606,0.00019457138000391908,0.00011791025628237496
2021-08-20 00:56:47,bnc_to_hb,LINKUSDT.BNC,LINKUSDT.HB,27.149325475118463,27.151200000000003,59.301,0.0018690948289923764,0.11083919245407692
2021-08-20 00:56:52,bnc_to_hb,LINKUSDT.BNC,LINKUSDT.HB,27.15103733451799,27.153199999999995,56.275000000000006,0.0021572350582729233,0.12139840290430877
2021-08-20 00:56:53,bnc_to_hb,LINKUSDT.BNC,LINKUSDT.HB,27.15,27.1533,19.483,0.0032945696700026903,0.06418810088066242
2021-08-20 00:56:54,bnc_to_hb,LINKUSDT.BNC,LINKUSDT.HB,27.148,27.15327607833714,83.23,0.0052706482095300055,0.4386760504791824
2021-08-20 00:56:58,bnc_to_hb,LINKUSDT.BNC,LINKUSDT.HB,27.1606,27.161,23.316,0.0003945678400033123,0.00919974375751723
2021-08-20 00:57:00,bnc_to_hb,LINKUSDT.BNC,LINKUSDT.HB,27.163000000000004,27.16346642857143,7.0,0.0004609959247815059,0.0032269714734705413
2021-08-20 00:57:09,bnc_to_hb,LINKUSDT.BNC,LINKUSDT.HB,27.1528,27.155999999999995,0.35,0.003194569119995588,0.0011180991919984558
2021-08-20 00:57:10,bnc_to_hb,LINKUSDT.BNC,LINKUSDT.HB,27.1528,27.155999999999995,0.35,0.003194569119995588,0.0011180991919984558
2021-08-20 00:57:15,bnc_to_hb,LINKUSDT.BNC,LINKUSDT.HB,27.173879607613685,27.1769,80.32900000000001,0.0030149573083526303,0.24218850562265848
2021-08-20 00:57:19,bnc_to_hb,LINKUSDT.BNC,LINKUSDT.HB,27.178,27.178425932864684,58.181,0.00042049722208773864,0.02446494887828672
2021-08-20 00:57:25,bnc_to_hb,LINKUSDT.BNC,LINKUSDT.HB,27.177692784967203,27.179231820599185,11.282,0.0015335999395215399,0.017302074517682012
2021-08-20 00:57:36,bnc_to_hb,LINKUSDT.BNC,LINKUSDT.HB,27.16744909651829,27.168983516967828,45.38,0.0015289868062749218,0.06938542126875595
2021-08-20 00:58:38,bnc_to_hb,LINKUSDT.BNC,LINKUSDT.HB,27.165700000000005,27.168,40.0,0.002294566629996771,0.09178266519987084
2021-08-20 00:59:38,bnc_to_hb,LINKUSDT.BNC,LINKUSDT.HB,27.17739925,27.178000000000004,20.0,0.0005953144600759714,0.011906289201519427
2021-08-20 01:00:02,bnc_to_hb,LINKUSDT.BNC,LINKUSDT.HB,27.195,27.1964,1.008,0.0013945608600032505,0.0014057173468832766
2021-08-20 01:00:03,bnc_to_hb,LINKUSDT.BNC,LINKUSDT.HB,27.207398165137615,27.209000000000003,2.1799999999999997,0.0015963932225694418,0.0034801372252013826
2021-08-20 01:00:19,bnc_to_hb,LINKUSDT.BNC,LINKUSDT.HB,27.219099999999997,27.220000000000002,5.26,0.0008945560900025358,0.0047053650334133385
2021-08-20 01:00:20,bnc_to_hb,LINKUSDT.BNC,LINKUSDT.HB,27.2286675,27.230999999999998,11.2,0.002327054033248358,0.026063005172381606
2021-08-20 01:00:27,bnc_to_hb,LINKUSDT.BNC,LINKUSDT.HB,27.215000000000003,27.216,0.39,0.0009945568999985804,0.00038787719099944636
2021-08-20 01:01:00,bnc_to_hb,LINKUSDT.BNC,LINKUSDT.HB,27.179,27.179324428104575,12.24,0.00031899227213525117,0.003904465410935474
2021-08-20 01:01:13,bnc_to_hb,LINKUSDT.BNC,LINKUSDT.HB,27.15609368269921,27.157,13.93,0.0009008859914224046,0.012549341860514096
2021-08-20 01:01:22,bnc_to_hb,LINKUSDT.BNC,LINKUSDT.HB,27.152,27.15228464467005,7.88,0.0002792142415853921,0.0022002082236928897
2021-08-20 01:01:23,bnc_to_hb,LINKUSDT.BNC,LINKUSDT.HB,27.139,27.142000000000003,10.0,0.002994571900002956,0.02994571900002956
2021-08-20 01:01:25,bnc_to_hb,LINKUSDT.BNC,LINKUSDT.HB,27.1536,27.155,1.211,0.0013945691400022114,0.0016888232285426782
2021-08-20 01:02:19,bnc_to_hb,LINKUSDT.BNC,LINKUSDT.HB,27.164984546735553,27.165000000000003,42.58,1.0020265992430698e-05,0.00042666292595769915
2021-08-20 01:02:23,bnc_to_hb,LINKUSDT.BNC,LINKUSDT.HB,27.163400000000003,27.164,50.0,0.0005945672599994543,0.029728362999972717
2021-08-20 01:02:30,bnc_to_hb,LINKUSDT.BNC,LINKUSDT.HB,27.151702248289343,27.155,10.23,0.0032923210404333407,0.033680444243633076
2021-08-20 01:02:55,bnc_to_hb,LINKUSDT.BNC,LINKUSDT.HB,27.1504,27.155,0.29,0.004594569459999816,0.0013324251433999464
2021-08-20 01:02:57,bnc_to_hb,LINKUSDT.BNC,LINKUSDT.HB,27.1438898,27.146000000000004,20.0,0.00210477101102417,0.0420954202204834
2021-08-20 01:03:00,bnc_to_hb,LINKUSDT.BNC,LINKUSDT.HB,27.1668,27.16751083333333,1.2,0.0007053999022494388,0.0008464798826993265
2021-08-20 01:03:06,bnc_to_hb,LINKUSDT.BNC,LINKUSDT.HB,27.160187280563626,27.162854800831404,111.137,0.002662087963571117,0.2958564700074032
2021-08-20 01:03:08,bnc_to_hb,LINKUSDT.BNC,LINKUSDT.HB,27.1511,27.153,58.45,0.001894569589997453,0.11073759253535113
2021-08-20 01:03:12,bnc_to_hb,LINKUSDT.BNC,LINKUSDT.HB,27.1423,27.146,1.68,0.003694571170001189,0.006206879565601998
2021-08-20 01:03:16,bnc_to_hb,LINKUSDT.BNC,LINKUSDT.HB,27.1334,27.136,9.48,0.002594573059995409,0.02459655260875648
2021-08-20 01:03:17,bnc_to_hb,LINKUSDT.BNC,LINKUSDT.HB,27.132790231578948,27.133,95.0,0.00020434184202640889,0.019412474992508845
2021-08-20 01:03:18,bnc_to_hb,LINKUSDT.BNC,LINKUSDT.HB,27.140882626492324,27.141,87.95,0.00011194531941183872,0.009845590842271216
2021-08-20 01:03:31,bnc_to_hb,LINKUSDT.BNC,LINKUSDT.HB,27.130950795629534,27.13100480834704,95.459,4.858652194313815e-05,0.0046380207981700245
2021-08-20 01:03:33,bnc_to_hb,LINKUSDT.BNC,LINKUSDT.HB,27.12328771929825,27.125000000000004,1.71,0.0017068558729807924,0.002918723542797155
2021-08-20 01:03:34,bnc_to_hb,LINKUSDT.BNC,LINKUSDT.HB,27.122284667766795,27.123,95.74600000000001,0.0007099077047363795,0.0679708230976894
2021-08-20 01:03:35,bnc_to_hb,LINKUSDT.BNC,LINKUSDT.HB,27.1159,27.115999999999996,20.0,9.457680999763531e-05,0.0018915361999527064
2021-08-20 01:03:41,bnc_to_hb,LINKUSDT.BNC,LINKUSDT.HB,27.115799999999997,27.116,1.5,0.00019457682000190236,0.00029186523000285355
2021-08-20 01:03:52,bnc_to_hb,LINKUSDT.BNC,LINKUSDT.HB,27.115,27.115999999999996,19.64,0.000994576899999044,0.019533490315981228
2021-08-20 01:04:20,bnc_to_hb,LINKUSDT.BNC,LINKUSDT.HB,27.107499999999998,27.110053252480704,9.07,0.0025478307253798374,0.023108824679195127
2021-08-20 01:04:23,bnc_to_hb,LINKUSDT.BNC,LINKUSDT.HB,27.1073,27.11,4.64,0.0026945782700006906,0.012502843172803204
2021-08-20 01:04:26,bnc_to_hb,LINKUSDT.BNC,LINKUSDT.HB,27.096,27.0964,0.483,0.00039458076000000933,0.0001905825070800045
2021-08-20 01:04:30,bnc_to_hb,LINKUSDT.BNC,LINKUSDT.HB,27.110825025025026,27.110999999999997,79.92,0.0001695527924688356,0.013550659174109341
2021-08-20 01:04:31,bnc_to_hb,LINKUSDT.BNC,LINKUSDT.HB,27.133499999999998,27.134,7.4,0.0004945732500012352,0.0036598420500091404
2021-08-20 01:04:45,bnc_to_hb,LINKUSDT.BNC,LINKUSDT.HB,27.0879,27.088,0.739,9.458241000039673e-05,6.989640099029319e-05
2021-08-20 01:04:50,bnc_to_hb,LINKUSDT.BNC,LINKUSDT.HB,27.08863335,27.089999999999996,20.0,0.0013612321366649359,0.027224642733298717
2021-08-20 01:04:55,bnc_to_hb,LINKUSDT.BNC,LINKUSDT.HB,27.076,27.077,0.74,0.0009945847000005501,0.000735992678000407
2021-08-20 01:04:57,bnc_to_hb,LINKUSDT.BNC,LINKUSDT.HB,27.066,27.0662,1.66,0.00019458678000013315,0.000323014054800221
2021-08-20 01:04:58,bnc_to_hb,LINKUSDT.BNC,LINKUSDT.HB,27.06562590361446,27.0662,1.66,0.000568683202949121,0.0009440141168955407
2021-08-20 01:05:07,bnc_to_hb,LINKUSDT.BNC,LINKUSDT.HB,27.059999999999995,27.0616,10.0,0.0015945878400019555,0.015945878400019556
2021-08-20 01:05:14,bnc_to_hb,LINKUSDT.BNC,LINKUSDT.HB,27.0469,27.047,9.64,9.459061000107893e-05,0.0009118534804104009
2021-08-20 01:05:25,bnc_to_hb,LINKUSDT.BNC,LINKUSDT.HB,27.0537,27.057,4.07,0.003294588929999283,0.013408976945097083
2021-08-20 01:05:26,bnc_to_hb,LINKUSDT.BNC,LINKUSDT.HB,27.0537,27.054,1.88,0.0002945892299984694,0.0005538277523971224
2021-08-20 01:05:27,bnc_to_hb,LINKUSDT.BNC,LINKUSDT.HB,27.0501,27.052000000000003,0.621,0.0018945897900005547,0.0011765402595903445
2021-08-20 01:05:30,bnc_to_hb,LINKUSDT.BNC,LINKUSDT.HB,27.07170684676293,27.072,21.47,0.000287738866386197,0.006177753461311649
2021-08-20 01:05:54,bnc_to_hb,LINKUSDT.BNC,LINKUSDT.HB,27.1103254,27.1135,10.0,0.003169177617459827,0.03169177617459827
2021-08-20 01:06:07,bnc_to_hb,LINKUSDT.BNC,LINKUSDT.HB,27.107299999999995,27.109,0.76,0.0016945783700038912,0.0012878795612029574
2021-08-20 01:06:08,bnc_to_hb,LINKUSDT.BNC,LINKUSDT.HB,27.1082,27.109,20.0,0.0007945782800038197,0.015891565600076395
2021-08-20 01:06:12,bnc_to_hb,LINKUSDT.BNC,LINKUSDT.HB,27.1062,27.109,15.352968545941518,0.0027945784800001605,0.042905075502607526
2021-08-20 01:06:18,bnc_to_hb,LINKUSDT.BNC,LINKUSDT.HB,27.0899,27.096,5.72,0.006094581409997386,0.034861005665185046
2021-08-20 01:06:27,bnc_to_hb,LINKUSDT.BNC,LINKUSDT.HB,27.0903,27.091,0.43,0.0006945818700007646,0.00029867020410032877
2021-08-20 01:06:39,bnc_to_hb,LINKUSDT.BNC,LINKUSDT.HB,27.072799999999997,27.07404712962963,10.8,0.0012417149449206713,0.013410521405143252
2021-08-20 01:06:45,bnc_to_hb,LINKUSDT.BNC,LINKUSDT.HB,27.069,27.0723843,10.0,0.0033788858615690304,0.0337888586156903
2021-08-20 01:06:46,bnc_to_hb,LINKUSDT.BNC,LINKUSDT.HB,27.06888832048587,27.072476115393602,85.62,0.003582380771292222,0.30672344163804005
2021-08-20 01:06:48,bnc_to_hb,LINKUSDT.BNC,LINKUSDT.HB,27.0688,27.072,2.75,0.0031945859199977097,0.008785111279993702
2021-08-20 01:06:51,bnc_to_hb,LINKUSDT.BNC,LINKUSDT.HB,27.068,27.0687,7.816,0.0006945863299984813,0.00542888675526813
2021-08-20 01:07:35,bnc_to_hb,LINKUSDT.BNC,LINKUSDT.HB,27.0599,27.06,0.621,9.458801000153471e-05,5.8739154210953057e-05
2021-08-20 01:08:52,bnc_to_hb,LINKUSDT.BNC,LINKUSDT.HB,27.045191116173118,27.048,21.95,0.0028034745077664407,0.06153626544547337
2021-08-20 01:10:24,bnc_to_hb,LINKUSDT.BNC,LINKUSDT.HB,27.0308,27.037,5.95,0.006194593219999941,0.03685782965899965
2021-08-20 01:10:36,bnc_to_hb,LINKUSDT.BNC,LINKUSDT.HB,27.0247,27.026,1.45,0.001294594930001013,0.0018771626485014688
2021-08-20 01:10:44,bnc_to_hb,LINKUSDT.BNC,LINKUSDT.HB,27.0286,27.03,20.0,0.0013945941400010005,0.02789188280002001
2021-08-20 01:10:58,bnc_to_hb,LINKUSDT.BNC,LINKUSDT.HB,27.042,27.0424,25.0,0.0003945915599996362,0.009864788999990905
2021-08-20 01:11:34,bnc_to_hb,LINKUSDT.BNC,LINKUSDT.HB,27.0183,27.022,8.56366536754718,0.003694595969999038,0.031639283555360144
2021-08-20 01:11:35,bnc_to_hb,LINKUSDT.BNC,LINKUSDT.HB,27.02080917953647,27.024,75.3234263443666,0.0031854159826122884,0.23993644614246484
2021-08-20 01:11:36,bnc_to_hb,LINKUSDT.BNC,LINKUSDT.HB,27.03426635700066,27.035,15.07,0.0007282360727042632,0.010974517615653247
2021-08-20 01:11:37,bnc_to_hb,LINKUSDT.BNC,LINKUSDT.HB,27.036001839988856,27.038999999999998,117.43551109335583,0.0029927525109600733,0.3514554207005202
2021-08-20 01:11:42,bnc_to_hb,LINKUSDT.BNC,LINKUSDT.HB,27.031300000000005,27.035,2.94,0.00369459336999696,0.010862104507791062
2021-08-20 01:11:48,bnc_to_hb,LINKUSDT.BNC,LINKUSDT.HB,27.040805675754104,27.043000000000003,46.31434414407751,0.0021889158653301665,0.10137820268933255
2021-08-20 01:12:05,bnc_to_hb,LINKUSDT.BNC,LINKUSDT.HB,27.072788992537312,27.07405792910448,10.72,0.0012635218824763054,0.013544954580145995
2021-08-20 01:12:07,bnc_to_hb,LINKUSDT.BNC,LINKUSDT.HB,27.081900000000005,27.082,0.621,9.458360999581376e-05,5.873642180740034e-05
2021-08-20 01:12:11,bnc_to_hb,LINKUSDT.BNC,LINKUSDT.HB,27.0824,27.085,0.74,0.0025945832599985493,0.0019199916123989265
2021-08-20 01:12:22,bnc_to_hb,LINKUSDT.BNC,LINKUSDT.HB,27.0855,27.087,0.35,0.001494582749999042,0.0005231039624996646
2021-08-20 01:12:23,bnc_to_hb,LINKUSDT.BNC,LINKUSDT.HB,27.0855,27.087,0.35,0.001494582749999042,0.0005231039624996646
2021-08-20 01:12:27,bnc_to_hb,LINKUSDT.BNC,LINKUSDT.HB,27.088433333333334,27.09,15.0,0.0015612488233341822,0.023418732350012732
2021-08-20 01:12:28,bnc_to_hb,LINKUSDT.BNC,LINKUSDT.HB,27.089999999999996,27.0902484,2.5,0.00024298197516381225,0.0006074549379095306
2021-08-20 01:12:29,bnc_to_hb,LINKUSDT.BNC,LINKUSDT.HB,27.09073086419753,27.093999999999998,3.24,0.0032637173293835176,0.010574444147202598
2021-08-20 01:12:30,bnc_to_hb,LINKUSDT.BNC,LINKUSDT.HB,27.106256557377048,27.109,4.88,0.002738021097299259,0.013361542954820385
2021-08-20 01:12:35,bnc_to_hb,LINKUSDT.BNC,LINKUSDT.HB,27.1019,27.105,0.19,0.0030945793100032462,0.0005879700689006168
2021-08-20 01:12:41,bnc_to_hb,LINKUSDT.BNC,LINKUSDT.HB,27.11,27.1103,17.589,0.00029457797000139,0.005181331914354448
2021-08-20 01:13:02,bnc_to_hb,LINKUSDT.BNC,LINKUSDT.HB,27.129,27.129722862368542,43.74,0.0007174364962546957,0.03138067234618039
2021-08-20 01:13:06,bnc_to_hb,LINKUSDT.BNC,LINKUSDT.HB,27.1299,27.13,0.62,9.457400999965234e-05,5.863588619978445e-05
2021-08-20 01:13:17,bnc_to_hb,LINKUSDT.BNC,LINKUSDT.HB,27.1264,27.128,7.02,0.0015945745600009678,0.011193913411206792
2021-08-20 01:13:37,bnc_to_hb,LINKUSDT.BNC,LINKUSDT.HB,27.122700000000002,27.126,0.2,0.0032945751299994146,0.000658915025999883
2021-08-20 01:13:54,bnc_to_hb,LINKUSDT.BNC,LINKUSDT.HB,27.139671209315498,27.141000000000002,0.5757673657681026,0.0013233626173832674,0.0007619490081667453
2021-08-20 01:14:00,bnc_to_hb,LINKUSDT.BNC,LINKUSDT.HB,27.147544210526316,27.149,0.95,0.0014503598192637667,0.0013778418283005782
2021-08-20 01:14:01,bnc_to_hb,LINKUSDT.BNC,LINKUSDT.HB,27.157000000000004,27.158,0.739,0.0009945684999991596,0.000734986121499379
2021-08-20 01:14:50,bnc_to_hb,LINKUSDT.BNC,LINKUSDT.HB,27.066000000000003,27.0679,19.12,0.001894586610001354,0.03622449598322589
2021-08-20 01:15:06,bnc_to_hb,LINKUSDT.BNC,LINKUSDT.HB,27.066699999999997,27.068,6.21,0.0012945865300039328,0.008039382351324422
2021-08-20 01:15:22,bnc_to_hb,LINKUSDT.BNC,LINKUSDT.HB,27.076,27.0769,0.48,0.0008945847099962743,0.00042940066079821164
2021-08-20 01:15:28,bnc_to_hb,LINKUSDT.BNC,LINKUSDT.HB,27.077,27.078549999999996,40.1,0.0015445844449962058,0.06193783624434786
2021-08-20 01:15:35,bnc_to_hb,LINKUSDT.BNC,LINKUSDT.HB,27.076985360928827,27.078850000000003,39.62,0.0018592234876410555,0.07366243458033861
2021-08-20 01:16:08,bnc_to_hb,LINKUSDT.BNC,LINKUSDT.HB,27.1,27.1003,151.0,0.0002945799699984774,0.04448157546977008
2021-08-20 01:16:09,bnc_to_hb,LINKUSDT.BNC,LINKUSDT.HB,27.11,27.1109,1.0,0.0008945779100014552,0.0008945779100014552
2021-08-20 01:16:10,bnc_to_hb,LINKUSDT.BNC,LINKUSDT.HB,27.1149,27.115999999999996,0.74,0.0010945769099977246,0.0008099869133983161
2021-08-20 01:16:29,bnc_to_hb,LINKUSDT.BNC,LINKUSDT.HB,27.1118,27.112,36.88,0.0001945776200005974,0.007176022625622032
2021-08-20 01:16:56,bnc_to_hb,LINKUSDT.BNC,LINKUSDT.HB,27.119621739130437,27.121,2.3,0.0013728368073901004,0.0031575246569972306
2021-08-20 01:16:57,bnc_to_hb,LINKUSDT.BNC,LINKUSDT.HB,27.1309,27.131,1.14,9.457380999995394e-05,0.00010781414339994748
2021-08-20 01:17:30,bnc_to_hb,LINKUSDT.BNC,LINKUSDT.HB,27.1011,27.103,1.78,0.0018945795900011206,0.0033723516702019946
2021-08-20 01:17:42,bnc_to_hb,LINKUSDT.BNC,LINKUSDT.HB,27.098999999999997,27.09997491032284,50.18000000000001,0.0009694904253525569,0.04864902954419131
2021-08-20 01:18:37,bnc_to_hb,LINKUSDT.BNC,LINKUSDT.HB,27.108000000000004,27.10822876094455,37.69,0.00022333932167009095,0.008417659033745728
2021-08-20 01:18:51,bnc_to_hb,LINKUSDT.BNC,LINKUSDT.HB,27.108499999999996,27.109,10.8,0.0004945782500060717,0.005341445100065575
2021-08-20 01:19:05,bnc_to_hb,LINKUSDT.BNC,LINKUSDT.HB,27.114999999999995,27.116583617387633,28.457,0.0015781942292765342,0.044910673182522336
2021-08-20 01:19:08,bnc_to_hb,LINKUSDT.BNC,LINKUSDT.HB,27.114431212408498,27.116,128.686,0.0015633645483802245,0.20118313027285759
2021-08-20 01:19:21,bnc_to_hb,LINKUSDT.BNC,LINKUSDT.HB,27.115470270061426,27.115999999999996,25.883000000000003,0.0005243067915449344,0.013570632685557539
2021-08-20 01:19:25,bnc_to_hb,LINKUSDT.BNC,LINKUSDT.HB,27.115610757197,27.116,595.248,0.00038381964192222304,0.22846787421491943
2021-08-20 01:19:26,bnc_to_hb,LINKUSDT.BNC,LINKUSDT.HB,27.11480497743798,27.116000000000003,761.235,0.001189599481525055,0.9055647613187253
2021-08-20 01:19:37,bnc_to_hb,LINKUSDT.BNC,LINKUSDT.HB,27.111,27.1139,0.39,0.0028945775100022598,0.0011288852289008814
2021-08-20 01:21:35,bnc_to_hb,LINKUSDT.BNC,LINKUSDT.HB,27.1,27.101555319148936,117.5,0.00154989899340376,0.18211313172494178
2021-08-20 01:21:36,bnc_to_hb,LINKUSDT.BNC,LINKUSDT.HB,27.1,27.1001,22.5,9.457999000016169e-05,0.002128049775003638
2021-08-20 01:22:28,bnc_to_hb,LINKUSDT.BNC,LINKUSDT.HB,27.194,27.194602100000004,20.0,0.0005966611397932471,0.011933222795864944
2021-08-20 01:22:33,bnc_to_hb,LINKUSDT.BNC,LINKUSDT.HB,27.209,27.212833333333332,30.0,0.0038278911500003033,0.1148367345000091
2021-08-20 01:22:37,bnc_to_hb,LINKUSDT.BNC,LINKUSDT.HB,27.209,27.2101,7.35,0.0010945580900030673,0.008045001961522545
2021-08-20 01:22:42,bnc_to_hb,LINKUSDT.BNC,LINKUSDT.HB,27.211,27.213,1.17,0.001994557600000197,0.0023336323920002304
2021-08-20 01:22:43,bnc_to_hb,LINKUSDT.BNC,LINKUSDT.HB,27.201,27.2019,9.03,0.0008945597099970488,0.008077874181273351
2021-08-20 01:22:50,bnc_to_hb,LINKUSDT.BNC,LINKUSDT.HB,27.201,27.2032,0.25,0.0021945595799984256,0.0005486398949996064
2021-08-20 01:23:05,bnc_to_hb,LINKUSDT.BNC,LINKUSDT.HB,27.2197,27.221,0.29,0.0012945559300010132,0.0003754212197002938
2021-08-20 01:23:09,bnc_to_hb,LINKUSDT.BNC,LINKUSDT.HB,27.221999999999998,27.2246,12.62,0.0025945553399982983,0.03274328839077852
2021-08-20 01:23:13,bnc_to_hb,LINKUSDT.BNC,LINKUSDT.HB,27.238,27.240200000000005,2.72,0.002194552180004486,0.005969181929612202
2021-08-20 01:23:16,bnc_to_hb,LINKUSDT.BNC,LINKUSDT.HB,27.2378,27.239,2.31,0.0011945523200000948,0.002759415859200219
2021-08-20 01:23:17,bnc_to_hb,LINKUSDT.BNC,LINKUSDT.HB,27.2483,27.249,0.35,0.0006945502699988762,0.00024309259449960664
2021-08-20 01:23:33,bnc_to_hb,LINKUSDT.BNC,LINKUSDT.HB,27.247000000000003,27.2488,40.0,0.0017945504199972258,0.07178201679988903
2021-08-20 01:23:41,bnc_to_hb,LINKUSDT.BNC,LINKUSDT.HB,27.2499,27.25,0.069,9.455001000046203e-05,6.523950690031881e-06
2021-08-20 01:23:44,bnc_to_hb,LINKUSDT.BNC,LINKUSDT.HB,27.256415384615387,27.257203076923076,325.0,0.0007822409458443181,0.2542283073994034
2021-08-20 01:24:33,bnc_to_hb,LINKUSDT.BNC,LINKUSDT.HB,27.2301,27.231,39.143,0.0008945538900015714,0.03501552291633151
2021-08-20 01:24:50,bnc_to_hb,LINKUSDT.BNC,LINKUSDT.HB,27.2301,27.231,14.389,0.0008945538900008231,0.012871735923221843
2021-08-20 01:25:04,bnc_to_hb,LINKUSDT.BNC,LINKUSDT.HB,27.23,27.2301,6.38,9.455399000144865e-05,0.0006032544562092424
2021-08-20 01:25:06,bnc_to_hb,LINKUSDT.BNC,LINKUSDT.HB,27.226,27.2291,8.02,0.0030945544900016263,0.02481832700981304
2021-08-20 01:25:12,bnc_to_hb,LINKUSDT.BNC,LINKUSDT.HB,27.1924,27.195,2.644,0.0025945612600003576,0.006860019971440946
2021-08-20 01:25:24,bnc_to_hb,LINKUSDT.BNC,LINKUSDT.HB,27.2008,27.2021531598513,8.07,0.0013477195559849701,0.010876096816798709
2021-08-20 01:25:25,bnc_to_hb,LINKUSDT.BNC,LINKUSDT.HB,27.2008,27.20207657992565,8.07,0.0012711396379920463,0.010258096878595814
2021-08-20 01:25:26,bnc_to_hb,LINKUSDT.BNC,LINKUSDT.HB,27.2008,27.20207657992565,8.07,0.0012711396379920463,0.010258096878595814
2021-08-20 01:25:53,bnc_to_hb,LINKUSDT.BNC,LINKUSDT.HB,27.23055842293907,27.231,5.58,0.0004361309050902065,0.0024336104504033523
2021-08-20 01:26:20,bnc_to_hb,LINKUSDT.BNC,LINKUSDT.HB,27.189524752475243,27.192399999999996,24.24,0.0028698093322781252,0.06956417821442175
2021-08-20 01:26:47,bnc_to_hb,LINKUSDT.BNC,LINKUSDT.HB,27.191,27.1913,0.618,0.00029456176999910537,0.00018203917385944713
2021-08-20 01:26:57,bnc_to_hb,LINKUSDT.BNC,LINKUSDT.HB,27.1714,27.175,24.7,0.0035945653600012186,0.08878576439203009
2021-08-20 01:27:19,bnc_to_hb,LINKUSDT.BNC,LINKUSDT.HB,27.1687,27.172,28.5238587786681,0.003294565929998751,0.0939737333242957
2021-08-20 01:27:42,bnc_to_hb,LINKUSDT.BNC,LINKUSDT.HB,27.153,27.154599999999995,3.86,0.001594569239999069,0.006155037266396406
2021-08-20 01:28:36,bnc_to_hb,LINKUSDT.BNC,LINKUSDT.HB,27.17001390268123,27.1752,30.21,0.005180662797380716,0.15650782310887143
2021-08-20 01:28:37,bnc_to_hb,LINKUSDT.BNC,LINKUSDT.HB,27.172,27.1725,95.0,0.0004945655499965535,0.046983727249672584
2021-08-20 01:28:38,bnc_to_hb,LINKUSDT.BNC,LINKUSDT.HB,27.184,27.184631722592805,39.278,0.0006262857296293946,0.024599250888383363
2021-08-20 01:28:39,bnc_to_hb,LINKUSDT.BNC,LINKUSDT.HB,27.199001084663163,27.200318736441712,67.30199999999999,0.0013122118465696238,0.08831448169782881
2021-08-20 01:28:40,bnc_to_hb,LINKUSDT.BNC,LINKUSDT.HB,27.196000000000005,27.196999999999996,5.0,0.0009945606999934061,0.004972803499967031
2021-08-20 01:28:46,bnc_to_hb,LINKUSDT.BNC,LINKUSDT.HB,27.19,27.1915,4.42,0.001494561850000282,0.006605963377001246
2021-08-20 01:28:59,bnc_to_hb,LINKUSDT.BNC,LINKUSDT.HB,27.179,27.1825,6.97,0.0034945638500038464,0.02435711003452681
2021-08-20 01:29:02,bnc_to_hb,LINKUSDT.BNC,LINKUSDT.HB,27.165,27.1673,2.49,0.0022945667700029577,0.005713471257307365
2021-08-20 01:29:05,bnc_to_hb,LINKUSDT.BNC,LINKUSDT.HB,27.15957647058824,27.160000000000007,10.2,0.00041809745411833195,0.004264594032006986
2021-08-20 01:29:12,bnc_to_hb,LINKUSDT.BNC,LINKUSDT.HB,27.1562,27.157,3.941,0.0007945686800023834,0.003131395167889393
2021-08-20 01:29:16,bnc_to_hb,LINKUSDT.BNC,LINKUSDT.HB,27.167999999999996,27.168629730784236,76.89,0.0006242971212651618,0.04800220565407829
2021-08-20 01:29:17,bnc_to_hb,LINKUSDT.BNC,LINKUSDT.HB,27.169,27.16914093959732,2.98,0.00013550578322329398,0.00040380723400541607
2021-08-20 01:29:25,bnc_to_hb,LINKUSDT.BNC,LINKUSDT.HB,27.132345574912893,27.135579790940763,114.8,0.00322878923533643,0.3706650042166222
2021-08-20 01:29:38,bnc_to_hb,LINKUSDT.BNC,LINKUSDT.HB,27.131,27.131254037267084,1.6099999999999999,0.00024861104167997933,0.00040026377710476664
2021-08-20 01:30:10,bnc_to_hb,LINKUSDT.BNC,LINKUSDT.HB,27.162,27.16345,20.0,0.001444567454999818,0.028891349099996362
2021-08-20 01:30:21,bnc_to_hb,LINKUSDT.BNC,LINKUSDT.HB,27.198,27.2015,10.0,0.0034945600499968173,0.03494560049996817
2021-08-20 01:30:23,bnc_to_hb,LINKUSDT.BNC,LINKUSDT.HB,27.213156357388314,27.215,2.91,0.0018381997960472923,0.005349161406497621
2021-08-20 01:31:01,bnc_to_hb,LINKUSDT.BNC,LINKUSDT.HB,27.192,27.193200000000004,3.08,0.0011945614800016326,0.0036792493584050286
2021-08-20 01:31:10,bnc_to_hb,LINKUSDT.BNC,LINKUSDT.HB,27.2221,27.223,0.405,0.0008945554899997006,0.0003622949734498788
2021-08-20 01:31:16,bnc_to_hb,LINKUSDT.BNC,LINKUSDT.HB,27.2221,27.224,33.308,0.001894555389996458,0.06310385093000202
2021-08-20 01:31:20,bnc_to_hb,LINKUSDT.BNC,LINKUSDT.HB,27.209,27.212000000000003,0.39,0.002994557900000296,0.0011678775810001155
2021-08-20 01:31:32,bnc_to_hb,LINKUSDT.BNC,LINKUSDT.HB,27.232,27.2327,5.77,0.0006945535300010224,0.004007573868105899
2021-08-20 01:35:37,bnc_to_hb,LINKUSDT.BNC,LINKUSDT.HB,27.188000000000002,27.1882,1.297,0.00019456237999796163,0.0002523474068573562
2021-08-20 01:35:38,bnc_to_hb,LINKUSDT.BNC,LINKUSDT.HB,27.188000000000002,27.193799999999996,1.297,0.0057945618199956705,0.007515546680534384
2021-08-20 01:36:14,bnc_to_hb,LINKUSDT.BNC,LINKUSDT.HB,27.145,27.14995,190.0,0.00494457050499843,0.9394683959497017
2021-08-20 01:36:16,bnc_to_hb,LINKUSDT.BNC,LINKUSDT.HB,27.14810857894737,27.1502,95.0,0.0020859912217767998,0.19816916606879598
2021-08-20 01:36:25,bnc_to_hb,LINKUSDT.BNC,LINKUSDT.HB,27.139,27.14,122.0,0.0009945720999987178,0.12133779619984357
2021-08-20 01:36:30,bnc_to_hb,LINKUSDT.BNC,LINKUSDT.HB,27.139501254905188,27.139999999999997,388.874,0.0004933171446831386,0.19183821132151083
2021-08-20 01:36:32,bnc_to_hb,LINKUSDT.BNC,LINKUSDT.HB,27.13966075554139,27.14,429.81100000000004,0.000333816492536072,0.14347800047342166
2021-08-20 01:36:33,bnc_to_hb,LINKUSDT.BNC,LINKUSDT.HB,27.125700000000002,27.125999999999998,20.0,0.0002945748299985903,0.005891496599971805
2021-08-20 01:36:45,bnc_to_hb,LINKUSDT.BNC,LINKUSDT.HB,27.11996782449726,27.124944606946986,5.47,0.004971357958481211,0.027193328032892223
2021-08-20 01:36:46,bnc_to_hb,LINKUSDT.BNC,LINKUSDT.HB,27.112999999999996,27.11527766233766,3.8500000000000005,0.0022722395099000325,0.008748122113115125
2021-08-20 01:36:48,bnc_to_hb,LINKUSDT.BNC,LINKUSDT.HB,27.112999999999996,27.11527766233766,3.8500000000000005,0.0022722395099000325,0.008748122113115125
2021-08-20 01:36:51,bnc_to_hb,LINKUSDT.BNC,LINKUSDT.HB,27.1224,27.124,0.96,0.0015945753599978995,0.0015307923455979834
2021-08-20 01:38:10,bnc_to_hb,LINKUSDT.BNC,LINKUSDT.HB,27.13,27.1301,2.95,9.45739899980207e-05,0.0002789932704941611
2021-08-20 01:38:44,bnc_to_hb,LINKUSDT.BNC,LINKUSDT.HB,27.152999999999995,27.15560025012506,19.990000000000002,0.0025948192650412172,0.051870437108173933
2021-08-20 01:40:11,bnc_to_hb,LINKUSDT.BNC,LINKUSDT.HB,27.113,27.1177,4.71,0.004694576930000157,0.02211145734030074
2021-08-20 01:40:15,bnc_to_hb,LINKUSDT.BNC,LINKUSDT.HB,27.112,27.118,4.71,0.005994576999997633,0.02823445766998885
2021-08-20 01:40:16,bnc_to_hb,LINKUSDT.BNC,LINKUSDT.HB,27.113588110403395,27.118,4.71,0.004406466437792361,0.02075445692200202
2021-08-20 01:40:23,bnc_to_hb,LINKUSDT.BNC,LINKUSDT.HB,27.112,27.11490091743119,5.45,0.0028954947410986544,0.015780446338987668
2021-08-20 01:40:50,bnc_to_hb,LINKUSDT.BNC,LINKUSDT.HB,27.117,27.121237407797686,0.949,0.004231983973942635,0.00401615279127156
2021-08-20 01:41:19,bnc_to_hb,LINKUSDT.BNC,LINKUSDT.HB,27.119,27.11915,54.74,0.0001445761850013502,0.00791410036697391
2021-08-20 01:41:39,bnc_to_hb,LINKUSDT.BNC,LINKUSDT.HB,27.113401441018766,27.116590180965144,29.84,0.003183316947214172,0.09499017770487089
2021-08-20 01:41:43,bnc_to_hb,LINKUSDT.BNC,LINKUSDT.HB,27.111,27.1164,26.91,0.005394577259999437,0.14516807406658486
2021-08-20 01:41:46,bnc_to_hb,LINKUSDT.BNC,LINKUSDT.HB,27.11,27.1109,3.698,0.0008945779099996106,0.00330814911117856
2021-08-20 01:41:52,bnc_to_hb,LINKUSDT.BNC,LINKUSDT.HB,27.11,27.110049096940653,54.260000000000005,4.36749357439713e-05,0.002369802013467883
2021-08-20 01:42:05,bnc_to_hb,LINKUSDT.BNC,LINKUSDT.HB,27.107,27.10983170212766,94.0,0.0028262804444901778,0.2656703617820767
2021-08-20 01:42:18,bnc_to_hb,LINKUSDT.BNC,LINKUSDT.HB,27.110000000000003,27.1101,20.0,9.457798999763532e-05,0.0018915597999527062
2021-08-20 01:42:26,bnc_to_hb,LINKUSDT.BNC,LINKUSDT.HB,27.11,27.1103197091801,57.08,0.00031428714813062805,0.017939510415296248
2021-08-20 01:42:27,bnc_to_hb,LINKUSDT.BNC,LINKUSDT.HB,27.119,27.119017931858934,200.76,1.2508057142886139e-05,0.002511117552005821
2021-08-20 01:42:30,bnc_to_hb,LINKUSDT.BNC,LINKUSDT.HB,27.142,27.14485,52.08,0.002844571315003735,0.14814527408539452
2021-08-20 01:43:04,bnc_to_hb,LINKUSDT.BNC,LINKUSDT.HB,27.139,27.139298515624997,25.6,0.00029308779514526873,0.00750304755571888
2021-08-20 01:43:15,bnc_to_hb,LINKUSDT.BNC,LINKUSDT.HB,27.134356558139537,27.13801756708408,139.75,0.003655581707131151,0.5108675435715784
2021-08-20 01:43:59,bnc_to_hb,LINKUSDT.BNC,LINKUSDT.HB,27.16304237762238,27.165,7.15,0.0019521895733830986,0.013958155449689156
2021-08-20 01:45:04,bnc_to_hb,LINKUSDT.BNC,LINKUSDT.HB,27.158999999999995,27.1608,9.99,0.0017945680200017724,0.017927734519817707
2021-08-20 01:45:06,bnc_to_hb,LINKUSDT.BNC,LINKUSDT.HB,27.151,27.1528,16.96,0.0017945696199968776,0.030435900755147044
2021-08-20 01:45:55,bnc_to_hb,LINKUSDT.BNC,LINKUSDT.HB,27.122000000000003,27.124900000000004,2.5,0.002894575309999636,0.00723643827499909
2021-08-20 01:46:23,bnc_to_hb,LINKUSDT.BNC,LINKUSDT.HB,27.110000000000003,27.11214306296692,37.48,0.002137640752610026,0.08011877540782376
2021-08-20 01:46:24,bnc_to_hb,LINKUSDT.BNC,LINKUSDT.HB,27.10593185043033,27.1095,171.96,0.0035627280264867098,0.6126467114346547
2021-08-20 01:46:30,bnc_to_hb,LINKUSDT.BNC,LINKUSDT.HB,27.098737381270116,27.099992118690643,127.38999999999999,0.0012493175475743541,0.15915056238549696
2021-08-20 01:46:34,bnc_to_hb,LINKUSDT.BNC,LINKUSDT.HB,27.098999999999997,27.100000000000005,43.942,0.0009945801000055265,0.04370383875444284
2021-08-20 01:47:01,bnc_to_hb,LINKUSDT.BNC,LINKUSDT.HB,27.086054190786598,27.089999999999996,20.557,0.003940391607979917,0.08100263028524315
2021-08-20 01:47:06,bnc_to_hb,LINKUSDT.BNC,LINKUSDT.HB,27.083999999999996,27.08465833333333,1.6800000000000002,0.0006529164675000306,0.0010968996654000514
2021-08-20 01:47:36,bnc_to_hb,LINKUSDT.BNC,LINKUSDT.HB,27.096999999999998,27.097392503271642,106.98,0.0003870838323950616,0.041410228389623695
2021-08-20 01:47:42,bnc_to_hb,LINKUSDT.BNC,LINKUSDT.HB,27.09095481678759,27.09230000000001,10.889,0.0013397648869356057,0.01458869985384181
2021-08-20 01:47:47,bnc_to_hb,LINKUSDT.BNC,LINKUSDT.HB,27.093300000000003,27.094999999999995,0.73,0.0016945811699955028,0.001237044254096717
2021-08-20 01:48:49,bnc_to_hb,LINKUSDT.BNC,LINKUSDT.HB,27.102000000000004,27.102688074999996,40.0,0.0006826545311861597,0.02730618124744639
2021-08-20 01:49:48,bnc_to_hb,LINKUSDT.BNC,LINKUSDT.HB,27.08281897491821,27.0857,27.51,0.002875608229890372,0.07910798240428414
2021-08-20 01:50:01,bnc_to_hb,LINKUSDT.BNC,LINKUSDT.HB,27.134393236335036,27.1358,2.543,0.0014013366456380298,0.00356359908985751
2021-08-20 01:50:28,bnc_to_hb,LINKUSDT.BNC,LINKUSDT.HB,27.16,27.1616,3.313,0.0015945678400001659,0.0052828032539205495
2021-08-20 01:50:29,bnc_to_hb,LINKUSDT.BNC,LINKUSDT.HB,27.160000000000004,27.1617,1.767,0.001694567829997709,0.0029943013556059514
2021-08-20 01:50:37,bnc_to_hb,LINKUSDT.BNC,LINKUSDT.HB,27.183,27.184799999999996,0.6,0.001794563219996989,0.0010767379319981934
2021-08-20 01:50:38,bnc_to_hb,LINKUSDT.BNC,LINKUSDT.HB,27.184000000000005,27.18466134883721,86.0,0.0006559119710703176,0.05640842951204732
2021-08-20 01:50:41,bnc_to_hb,LINKUSDT.BNC,LINKUSDT.HB,27.185988286580745,27.18715,52.76,0.0011562761054258277,0.06100512732226667
2021-08-20 01:50:48,bnc_to_hb,LINKUSDT.BNC,LINKUSDT.HB,27.216,27.216199999999997,0.6,0.00019455677999834965,0.00011673406799900978
2021-08-20 01:50:49,bnc_to_hb,LINKUSDT.BNC,LINKUSDT.HB,27.22777718360072,27.2281,2.2439999999999998,0.0003173708115667289,0.0007121801011557396
2021-08-20 01:51:07,bnc_to_hb,LINKUSDT.BNC,LINKUSDT.HB,27.247499999999995,27.248000000000005,10.08,0.0004945504500064476,0.004985068536064992
2021-08-20 01:51:12,bnc_to_hb,LINKUSDT.BNC,LINKUSDT.HB,27.25250344488189,27.256,16.256,0.003491104267767128,0.056751390976822434
2021-08-20 01:51:13,bnc_to_hb,LINKUSDT.BNC,LINKUSDT.HB,27.2585,27.259,0.22,0.0004945482499972198,0.00010880061499938836
2021-08-20 01:51:14,bnc_to_hb,LINKUSDT.BNC,LINKUSDT.HB,27.261270731707317,27.262000000000004,1.64,0.0007238159656142089,0.0011870581836073025
2021-08-20 01:51:15,bnc_to_hb,LINKUSDT.BNC,LINKUSDT.HB,27.2658,27.265999999999995,0.73,0.00019454681999632182,0.00014201917859731493
2021-08-20 01:51:16,bnc_to_hb,LINKUSDT.BNC,LINKUSDT.HB,27.259999999999998,27.2607,0.616,0.0006945479300021058,0.0004278415248812972
2021-08-20 01:51:37,bnc_to_hb,LINKUSDT.BNC,LINKUSDT.HB,27.263500000000004,27.264,0.75,0.0004945472499976504,0.00037091043749823784
2021-08-20 01:51:49,bnc_to_hb,LINKUSDT.BNC,LINKUSDT.HB,27.23,27.2315,14.12,0.0014945538500010834,0.021103100362015296
2021-08-20 01:51:53,bnc_to_hb,LINKUSDT.BNC,LINKUSDT.HB,27.221,27.2238,11.72,0.0027945555200021566,0.032752190694425275
2021-08-20 01:51:54,bnc_to_hb,LINKUSDT.BNC,LINKUSDT.HB,27.216200000000004,27.217,0.618,0.0007945566799956981,0.0004910360282373414
2021-08-20 01:52:53,bnc_to_hb,LINKUSDT.BNC,LINKUSDT.HB,27.2109,27.215,0.19,0.004094557409998111,0.0007779659078996411
2021-08-20 01:54:17,bnc_to_hb,LINKUSDT.BNC,LINKUSDT.HB,27.246699999999997,27.248,0.3,0.0012945505300040758,0.0003883651590012227
2021-08-20 01:54:29,bnc_to_hb,LINKUSDT.BNC,LINKUSDT.HB,27.2376,27.24,0.58,0.0023945522399955095,0.0013888402991973953
2021-08-20 01:55:54,bnc_to_hb,LINKUSDT.BNC,LINKUSDT.HB,27.239623599999998,27.241499999999995,10.0,0.0018709518876376021,0.01870951887637602
2021-08-20 01:55:55,bnc_to_hb,LINKUSDT.BNC,LINKUSDT.HB,27.241,27.2415,3.764,0.0004945517499986271,0.0018614927869948321
2021-08-20 01:56:17,bnc_to_hb,LINKUSDT.BNC,LINKUSDT.HB,27.213,27.2137,0.62,0.0006945573299975664,0.00043062554459849116
2021-08-20 01:57:07,bnc_to_hb,LINKUSDT.BNC,LINKUSDT.HB,27.234,27.2343,0.009,0.00029455316999937484,2.6509785299943735e-06
2021-08-20 01:57:35,bnc_to_hb,LINKUSDT.BNC,LINKUSDT.HB,27.263166000000002,27.264,40.0,0.0008285472833975589,0.033141891335902354
2021-08-20 01:57:36,bnc_to_hb,LINKUSDT.BNC,LINKUSDT.HB,27.272620652173917,27.273,0.9199999999999999,0.00037389326401780434,0.00034398180289637995
2021-08-20 01:58:04,bnc_to_hb,LINKUSDT.BNC,LINKUSDT.HB,27.2449,27.246,14.66,0.0010945509099990214,0.016046116340585653
2021-08-20 01:58:15,bnc_to_hb,LINKUSDT.BNC,LINKUSDT.HB,27.230004516881948,27.232,37.703,0.0019900369175997606,0.07503036190426378
2021-08-20 01:59:34,bnc_to_hb,LINKUSDT.BNC,LINKUSDT.HB,27.2461,27.247,15.07,0.0008945506900022096,0.013480878898333298
